lon,lat,name,code
-37.0,-8.3,São Sebastião do Umbuzeiro,2515203
-36.95,-8.3,São João do Tigre,2514107
-37.1,-8.25,São Sebastião do Umbuzeiro,2515203
-37.05,-8.25,São Sebastião do Umbuzeiro,2515203
-37.0,-8.25,São Sebastião do Umbuzeiro,2515203
-36.95,-8.25,São João do Tigre,2514107
-36.9,-8.25,São João do Tigre,2514107
-37.15,-8.2,São Sebastião do Umbuzeiro,2515203
-37.1,-8.2,São Sebastião do Umbuzeiro,2515203
-37.05,-8.2,São Sebastião do Umbuzeiro,2515203
-37.0,-8.2,São Sebastião do Umbuzeiro,2515203
-36.95,-8.2,São João do Tigre,2514107
-36.9,-8.2,São João do Tigre,2514107
-36.85,-8.2,São João do Tigre,2514107
-36.8,-8.2,São João do Tigre,2514107
-36.75,-8.2,São João do Tigre,2514107
-37.15,-8.15,São Sebastião do Umbuzeiro,2515203
-37.1,-8.15,São Sebastião do Umbuzeiro,2515203
-37.05,-8.15,São Sebastião do Umbuzeiro,2515203
-37.0,-8.15,São Sebastião do Umbuzeiro,2515203
-36.95,-8.15,São Sebastião do Umbuzeiro,2515203
-36.9,-8.15,São João do Tigre,2514107
-36.85,-8.15,São João do Tigre,2514107
-36.8,-8.15,São João do Tigre,2514107
-36.75,-8.15,São João do Tigre,2514107
-36.7,-8.15,São João do Tigre,2514107
-37.15,-8.1,Zabelê,2517407
-37.1,-8.1,Zabelê,2517407
-37.05,-8.1,São Sebastião do Umbuzeiro,2515203
-37.0,-8.1,São Sebastião do Umbuzeiro,2515203
-36.95,-8.1,São Sebastião do Umbuzeiro,2515203
-36.9,-8.1,São João do Tigre,2514107
-36.85,-8.1,São João do Tigre,2514107
-36.8,-8.1,São João do Tigre,2514107
-36.75,-8.1,São João do Tigre,2514107
-36.7,-8.1,São João do Tigre,2514107
-36.65,-8.1,São João do Tigre,2514107
-37.15,-8.05,Zabelê,2517407
-37.1,-8.05,Monteiro,2509701
-37.05,-8.05,Zabelê,2517407
-37.0,-8.05,São Sebastião do Umbuzeiro,2515203
-36.95,-8.05,Monteiro,2509701
-36.9,-8.05,São Sebastião do Umbuzeiro,2515203
-36.85,-8.05,São João do Tigre,2514107
-36.8,-8.05,São João do Tigre,2514107
-36.75,-8.05,São João do Tigre,2514107
-36.7,-8.05,São João do Tigre,2514107
-36.65,-8.05,São João do Tigre,2514107
-37.35,-8.0,Monteiro,2509701
-37.2,-8.0,Monteiro,2509701
-37.15,-8.0,Monteiro,2509701
-37.1,-8.0,Monteiro,2509701
-37.05,-8.0,Monteiro,2509701
-37.0,-8.0,Monteiro,2509701
-36.95,-8.0,Monteiro,2509701
-36.9,-8.0,Camalaú,2503902
-36.85,-8.0,São João do Tigre,2514107
-36.8,-8.0,São João do Tigre,2514107
-36.75,-8.0,São João do Tigre,2514107
-36.7,-8.0,São João do Tigre,2514107
-36.65,-8.0,São João do Tigre,2514107
-37.35,-7.95,Monteiro,2509701
-37.3,-7.95,Monteiro,2509701
-37.25,-7.95,Monteiro,2509701
-37.2,-7.95,Monteiro,2509701
-37.15,-7.95,Monteiro,2509701
-37.1,-7.95,Monteiro,2509701
-37.05,-7.95,Monteiro,2509701
-37.0,-7.95,Monteiro,2509701
-36.95,-7.95,Monteiro,2509701
-36.9,-7.95,Camalaú,2503902
-36.85,-7.95,Camalaú,2503902
-36.8,-7.95,Camalaú,2503902
-36.75,-7.95,Camalaú,2503902
-36.7,-7.95,São João do Tigre,2514107
-36.65,-7.95,São João do Tigre,2514107
-36.6,-7.95,São João do Tigre,2514107
-36.55,-7.95,São João do Tigre,2514107
-37.3,-7.9,Monteiro,2509701
-37.25,-7.9,Monteiro,2509701
-37.2,-7.9,Monteiro,2509701
-37.15,-7.9,Monteiro,2509701
-37.1,-7.9,Monteiro,2509701
-37.05,-7.9,Monteiro,2509701
-37.0,-7.9,Monteiro,2509701
-36.95,-7.9,Monteiro,2509701
-36.9,-7.9,Camalaú,2503902
-36.85,-7.9,Camalaú,2503902
-36.8,-7.9,Camalaú,2503902
-36.75,-7.9,Camalaú,2503902
-36.7,-7.9,Camalaú,2503902
-36.65,-7.9,Camalaú,2503902
-36.6,-7.9,Congo,2504702
-36.55,-7.9,Congo,2504702
-36.5,-7.9,Caraúbas,2504074
-36.45,-7.9,Caraúbas,2504074
-38.25,-7.85,Manaíra,2509008
-38.1,-7.85,São José de Princesa,2514552
-37.25,-7.85,Monteiro,2509701
-37.2,-7.85,Monteiro,2509701
-37.15,-7.85,Monteiro,2509701
-37.1,-7.85,Monteiro,2509701
-37.05,-7.85,Monteiro,2509701
-37.0,-7.85,Monteiro,2509701
-36.95,-7.85,Monteiro,2509701
-36.9,-7.85,Camalaú,2503902
-36.85,-7.85,Camalaú,2503902
-36.8,-7.85,Camalaú,2503902
-36.75,-7.85,Camalaú,2503902
-36.7,-7.85,Camalaú,2503902
-36.65,-7.85,Congo,2504702
-36.6,-7.85,Congo,2504702
-36.55,-7.85,Caraúbas,2504074
-36.5,-7.85,Caraúbas,2504074
-36.45,-7.85,Caraúbas,2504074
-36.25,-7.85,Barra de São Miguel,2501708
-38.3,-7.8,Manaíra,2509008
-38.25,-7.8,Manaíra,2509008
-38.2,-7.8,Manaíra,2509008
-38.15,-7.8,Manaíra,2509008
-38.1,-7.8,São José de Princesa,2514552
-38.05,-7.8,São José de Princesa,2514552
-38.0,-7.8,Princesa Isabel,2512309
-37.25,-7.8,Monteiro,2509701
-37.2,-7.8,Monteiro,2509701
-37.15,-7.8,Monteiro,2509701
-37.1,-7.8,Monteiro,2509701
-37.05,-7.8,Monteiro,2509701
-37.0,-7.8,Monteiro,2509701
-36.95,-7.8,Sumé,2516300
-36.9,-7.8,Sumé,2516300
-36.85,-7.8,Sumé,2516300
-36.8,-7.8,Sumé,2516300
-36.75,-7.8,Sumé,2516300
-36.7,-7.8,Congo,2504702
-36.65,-7.8,Congo,2504702
-36.6,-7.8,Congo,2504702
-36.55,-7.8,Caraúbas,2504074
-36.5,-7.8,Caraúbas,2504074
-36.45,-7.8,Caraúbas,2504074
-36.4,-7.8,Barra de São Miguel,2501708
-36.35,-7.8,Barra de São Miguel,2501708
-36.3,-7.8,Barra de São Miguel,2501708
-36.25,-7.8,Barra de São Miguel,2501708
-36.2,-7.8,Barra de São Miguel,2501708
-36.15,-7.8,Barra de São Miguel,2501708
-36.1,-7.8,Alcantil,2500536
-36.05,-7.8,Alcantil,2500536
-36.0,-7.8,Santa Cecília,2513158
-35.95,-7.8,Santa Cecília,2513158
-35.9,-7.8,Santa Cecília,2513158
-38.6,-7.75,Santa Inês,2513356
-38.55,-7.75,Santa Inês,2513356
-38.5,-7.75,Santa Inês,2513356
-38.45,-7.75,Santa Inês,2513356
-38.4,-7.75,Santana de Mangueira,2513505
-38.3,-7.75,Manaíra,2509008
-38.25,-7.75,Manaíra,2509008
-38.2,-7.75,Manaíra,2509008
-38.15,-7.75,Manaíra,2509008
-38.1,-7.75,São José de Princesa,2514552
-38.05,-7.75,Princesa Isabel,2512309
-38.0,-7.75,Princesa Isabel,2512309
-37.95,-7.75,Princesa Isabel,2512309
-37.15,-7.75,Prata,2512200
-37.1,-7.75,Prata,2512200
-37.05,-7.75,Monteiro,2509701
-37.0,-7.75,Sumé,2516300
-36.95,-7.75,Sumé,2516300
-36.9,-7.75,Sumé,2516300
-36.85,-7.75,Sumé,2516300
-36.8,-7.75,Sumé,2516300
-36.75,-7.75,Sumé,2516300
-36.7,-7.75,Congo,2504702
-36.65,-7.75,Congo,2504702
-36.6,-7.75,Caraúbas,2504074
-36.55,-7.75,Caraúbas,2504074
-36.5,-7.75,Caraúbas,2504074
-36.45,-7.75,Caraúbas,2504074
-36.4,-7.75,Barra de São Miguel,2501708
-36.35,-7.75,Barra de São Miguel,2501708
-36.3,-7.75,Barra de São Miguel,2501708
-36.25,-7.75,Barra de São Miguel,2501708
-36.2,-7.75,Barra de São Miguel,2501708
-36.15,-7.75,Riacho de Santo Antônio,2512788
-36.1,-7.75,Alcantil,2500536
-36.05,-7.75,Alcantil,2500536
-36.0,-7.75,Alcantil,2500536
-35.95,-7.75,Santa Cecília,2513158
-35.9,-7.75,Santa Cecília,2513158
-35.85,-7.75,Santa Cecília,2513158
-35.8,-7.75,Umbuzeiro,2517001
-38.65,-7.7,Santa Inês,2513356
-38.6,-7.7,Santa Inês,2513356
-38.55,-7.7,Santa Inês,2513356
-38.5,-7.7,Santa Inês,2513356
-38.45,-7.7,Santa Inês,2513356
-38.4,-7.7,Santana de Mangueira,2513505
-38.35,-7.7,Santana de Mangueira,2513505
-38.3,-7.7,Santana de Mangueira,2513505
-38.25,-7.7,Manaíra,2509008
-38.2,-7.7,Manaíra,2509008
-38.15,-7.7,Manaíra,2509008
-38.1,-7.7,São José de Princesa,2514552
-38.05,-7.7,Princesa Isabel,2512309
-38.0,-7.7,Princesa Isabel,2512309
-37.95,-7.7,Princesa Isabel,2512309
-37.9,-7.7,Princesa Isabel,2512309
-37.15,-7.7,Prata,2512200
-37.1,-7.7,Prata,2512200
-37.05,-7.7,Prata,2512200
-37.0,-7.7,Sumé,2516300
-36.95,-7.7,Sumé,2516300
-36.9,-7.7,Sumé,2516300
-36.85,-7.7,Sumé,2516300
-36.8,-7.7,Sumé,2516300
-36.75,-7.7,Serra Branca,2515500
-36.7,-7.7,Congo,2504702
-36.65,-7.7,Congo,2504702
-36.6,-7.7,Coxixola,2504850
-36.55,-7.7,Caraúbas,2504074
-36.5,-7.7,Caraúbas,2504074
-36.45,-7.7,Caraúbas,2504074
-36.4,-7.7,Barra de São Miguel,2501708
-36.35,-7.7,Barra de São Miguel,2501708
-36.3,-7.7,Barra de São Miguel,2501708
-36.25,-7.7,Barra de São Miguel,2501708
-36.2,-7.7,Barra de São Miguel,2501708
-36.15,-7.7,Riacho de Santo Antônio,2512788
-36.1,-7.7,Alcantil,2500536
-36.05,-7.7,Alcantil,2500536
-36.0,-7.7,Alcantil,2500536
-35.95,-7.7,Santa Cecília,2513158
-35.9,-7.7,Santa Cecília,2513158
-35.85,-7.7,Santa Cecília,2513158
-35.8,-7.7,Umbuzeiro,2517001
-35.75,-7.7,Umbuzeiro,2517001
-35.7,-7.7,Umbuzeiro,2517001
-35.65,-7.7,Umbuzeiro,2517001
-38.7,-7.65,Santa Inês,2513356
-38.65,-7.65,Santa Inês,2513356
-38.6,-7.65,Santa Inês,2513356
-38.55,-7.65,Santa Inês,2513356
-38.5,-7.65,Conceição,2504405
-38.45,-7.65,Conceição,2504405
-38.4,-7.65,Santana de Mangueira,2513505
-38.35,-7.65,Santana de Mangueira,2513505
-38.3,-7.65,Santana de Mangueira,2513505
-38.25,-7.65,Santana de Mangueira,2513505
-38.2,-7.65,Manaíra,2509008
-38.15,-7.65,Manaíra,2509008
-38.1,-7.65,São José de Princesa,2514552
-38.05,-7.65,Princesa Isabel,2512309
-38.0,-7.65,Princesa Isabel,2512309
-37.95,-7.65,Princesa Isabel,2512309
-37.9,-7.65,Tavares,2516607
-37.85,-7.65,Tavares,2516607
-37.8,-7.65,Tavares,2516607
-37.75,-7.65,Tavares,2516607
-37.2,-7.65,Ouro Velho,2510600
-37.15,-7.65,Ouro Velho,2510600
-37.1,-7.65,Prata,2512200
-37.05,-7.65,Prata,2512200
-37.0,-7.65,Sumé,2516300
-36.95,-7.65,Sumé,2516300
-36.9,-7.65,Sumé,2516300
-36.85,-7.65,Sumé,2516300
-36.8,-7.65,Sumé,2516300
-36.75,-7.65,Serra Branca,2515500
-36.7,-7.65,Coxixola,2504850
-36.65,-7.65,Coxixola,2504850
-36.6,-7.65,Coxixola,2504850
-36.55,-7.65,Caraúbas,2504074
-36.5,-7.65,Caraúbas,2504074
-36.45,-7.65,São Domingos do Cariri,2513943
-36.4,-7.65,São Domingos do Cariri,2513943
-36.35,-7.65,Barra de São Miguel,2501708
-36.3,-7.65,Barra de São Miguel,2501708
-36.25,-7.65,Barra de São Miguel,2501708
-36.2,-7.65,Barra de São Miguel,2501708
-36.15,-7.65,Riacho de Santo Antônio,2512788
-36.1,-7.65,Alcantil,2500536
-36.05,-7.65,Alcantil,2500536
-36.0,-7.65,Alcantil,2500536
-35.95,-7.65,Barra de Santana,2501575
-35.9,-7.65,Barra de Santana,2501575
-35.85,-7.65,Gado Bravo,2506251
-35.8,-7.65,Gado Bravo,2506251
-35.75,-7.65,Gado Bravo,2506251
-35.7,-7.65,Umbuzeiro,2517001
-35.65,-7.65,Umbuzeiro,2517001
-35.6,-7.65,Natuba,2509909
-35.55,-7.65,Natuba,2509909
-35.5,-7.65,Natuba,2509909
-38.7,-7.6,Santa Inês,2513356
-38.65,-7.6,Santa Inês,2513356
-38.6,-7.6,Conceição,2504405
-38.55,-7.6,Santa Inês,2513356
-38.5,-7.6,Conceição,2504405
-38.45,-7.6,Conceição,2504405
-38.4,-7.6,Santana de Mangueira,2513505
-38.35,-7.6,Santana de Mangueira,2513505
-38.3,-7.6,Santana de Mangueira,2513505
-38.25,-7.6,Santana de Mangueira,2513505
-38.2,-7.6,Curral Velho,2505303
-38.15,-7.6,Curral Velho,2505303
-38.1,-7.6,São José de Princesa,2514552
-38.05,-7.6,Princesa Isabel,2512309
-38.0,-7.6,Princesa Isabel,2512309
-37.95,-7.6,Tavares,2516607
-37.9,-7.6,Tavares,2516607
-37.85,-7.6,Tavares,2516607
-37.8,-7.6,Juru,2508000
-37.75,-7.6,Juru,2508000
-37.2,-7.6,Ouro Velho,2510600
-37.15,-7.6,Ouro Velho,2510600
-37.1,-7.6,Ouro Velho,2510600
-37.05,-7.6,Amparo,2500734
-37.0,-7.6,Amparo,2500734
-36.95,-7.6,Sumé,2516300
-36.9,-7.6,Sumé,2516300
-36.85,-7.6,Sumé,2516300
-36.8,-7.6,Serra Branca,2515500
-36.75,-7.6,Serra Branca,2515500
-36.7,-7.6,Coxixola,2504850
-36.65,-7.6,Coxixola,2504850
-36.6,-7.6,Coxixola,2504850
-36.55,-7.6,São João do Cariri,2514008
-36.5,-7.6,São João do Cariri,2514008
-36.45,-7.6,São Domingos do Cariri,2513943
-36.4,-7.6,São Domingos do Cariri,2513943
-36.35,-7.6,Barra de São Miguel,2501708
-36.3,-7.6,Barra de São Miguel,2501708
-36.25,-7.6,Barra de São Miguel,2501708
-36.2,-7.6,Boqueirão,2502508
-36.15,-7.6,Boqueirão,2502508
-36.1,-7.6,Boqueirão,2502508
-36.05,-7.6,Alcantil,2500536
-36.0,-7.6,Alcantil,2500536
-35.95,-7.6,Barra de Santana,2501575
-35.9,-7.6,Barra de Santana,2501575
-35.85,-7.6,Gado Bravo,2506251
-35.8,-7.6,Gado Bravo,2506251
-35.75,-7.6,Gado Bravo,2506251
-35.7,-7.6,Aroeiras,2501302
-35.65,-7.6,Aroeiras,2501302
-35.6,-7.6,Aroeiras,2501302
-35.55,-7.6,Natuba,2509909
-35.5,-7.6,Natuba,2509909
-38.65,-7.55,Conceição,2504405
-38.6,-7.55,Conceição,2504405
-38.55,-7.55,Conceição,2504405
-38.5,-7.55,Conceição,2504405
-38.45,-7.55,Conceição,2504405
-38.4,-7.55,Ibiara,2506608
-38.35,-7.55,Santana de Mangueira,2513505
-38.3,-7.55,Santana de Mangueira,2513505
-38.25,-7.55,Diamante,2505600
-38.2,-7.55,Curral Velho,2505303
-38.15,-7.55,Curral Velho,2505303
-38.1,-7.55,Curral Velho,2505303
-38.05,-7.55,Princesa Isabel,2512309
-38.0,-7.55,Princesa Isabel,2512309
-37.95,-7.55,Tavares,2516607
-37.9,-7.55,Tavares,2516607
-37.85,-7.55,Juru,2508000
-37.8,-7.55,Juru,2508000
-37.75,-7.55,Juru,2508000
-37.7,-7.55,Água Branca,2500106
-37.65,-7.55,Água Branca,2500106
-37.15,-7.55,Ouro Velho,2510600
-37.1,-7.55,Ouro Velho,2510600
-37.05,-7.55,Amparo,2500734
-37.0,-7.55,Amparo,2500734
-36.95,-7.55,Sumé,2516300
-36.9,-7.55,Sumé,2516300
-36.85,-7.55,Sumé,2516300
-36.8,-7.55,Serra Branca,2515500
-36.75,-7.55,Serra Branca,2515500
-36.7,-7.55,Serra Branca,2515500
-36.65,-7.55,Serra Branca,2515500
-36.6,-7.55,Serra Branca,2515500
-36.55,-7.55,São João do Cariri,2514008
-36.5,-7.55,São João do Cariri,2514008
-36.45,-7.55,São Domingos do Cariri,2513943
-36.4,-7.55,São Domingos do Cariri,2513943
-36.35,-7.55,São Domingos do Cariri,2513943
-36.3,-7.55,Cabaceiras,2503100
-36.25,-7.55,Barra de São Miguel,2501708
-36.2,-7.55,Boqueirão,2502508
-36.15,-7.55,Boqueirão,2502508
-36.1,-7.55,Boqueirão,2502508
-36.05,-7.55,Barra de Santana,2501575
-36.0,-7.55,Barra de Santana,2501575
-35.95,-7.55,Barra de Santana,2501575
-35.9,-7.55,Barra de Santana,2501575
-35.85,-7.55,Gado Bravo,2506251
-35.8,-7.55,Gado Bravo,2506251
-35.75,-7.55,Aroeiras,2501302
-35.7,-7.55,Aroeiras,2501302
-35.65,-7.55,Aroeiras,2501302
-35.6,-7.55,Aroeiras,2501302
-35.55,-7.55,Natuba,2509909
-35.5,-7.55,Natuba,2509909
-34.95,-7.55,Caaporã,2503001
-34.9,-7.55,Caaporã,2503001
-34.85,-7.55,Pitimbu,2511905
-34.8,-7.55,Pitimbu,2511905
-38.65,-7.5,Conceição,2504405
-38.6,-7.5,Conceição,2504405
-38.55,-7.5,Conceição,2504405
-38.5,-7.5,Conceição,2504405
-38.45,-7.5,Ibiara,2506608
-38.4,-7.5,Ibiara,2506608
-38.35,-7.5,Ibiara,2506608
-38.3,-7.5,Diamante,2505600
-38.25,-7.5,Diamante,2505600
-38.2,-7.5,Curral Velho,2505303
-38.15,-7.5,Curral Velho,2505303
-38.1,-7.5,Curral Velho,2505303
-38.05,-7.5,Pedra Branca,2511004
-38.0,-7.5,Nova Olinda,2510204
-37.95,-7.5,Tavares,2516607
-37.9,-7.5,Juru,2508000
-37.85,-7.5,Juru,2508000
-37.8,-7.5,Juru,2508000
-37.75,-7.5,Juru,2508000
-37.7,-7.5,Água Branca,2500106
-37.65,-7.5,Água Branca,2500106
-37.6,-7.5,Água Branca,2500106
-37.55,-7.5,Imaculada,2506707
-37.1,-7.5,Ouro Velho,2510600
-37.05,-7.5,Amparo,2500734
-37.0,-7.5,Sumé,2516300
-36.95,-7.5,Sumé,2516300
-36.9,-7.5,São José dos Cordeiros,2514800
-36.85,-7.5,Serra Branca,2515500
-36.8,-7.5,Serra Branca,2515500
-36.75,-7.5,Serra Branca,2515500
-36.7,-7.5,Serra Branca,2515500
-36.65,-7.5,Serra Branca,2515500
-36.6,-7.5,Serra Branca,2515500
-36.55,-7.5,São João do Cariri,2514008
-36.5,-7.5,São João do Cariri,2514008
-36.45,-7.5,São João do Cariri,2514008
-36.4,-7.5,Cabaceiras,2503100
-36.35,-7.5,Cabaceiras,2503100
-36.3,-7.5,Cabaceiras,2503100
-36.25,-7.5,Cabaceiras,2503100
-36.2,-7.5,Boqueirão,2502508
-36.15,-7.5,Boqueirão,2502508
-36.1,-7.5,Boqueirão,2502508
-36.05,-7.5,Barra de Santana,2501575
-36.0,-7.5,Barra de Santana,2501575
-35.95,-7.5,Barra de Santana,2501575
-35.9,-7.5,Queimadas,2512507
-35.85,-7.5,Gado Bravo,2506251
-35.8,-7.5,Aroeiras,2501302
-35.75,-7.5,Aroeiras,2501302
-35.7,-7.5,Aroeiras,2501302
-35.65,-7.5,Aroeiras,2501302
-35.6,-7.5,Aroeiras,2501302
-35.55,-7.5,Natuba,2509909
-35.5,-7.5,Natuba,2509909
-35.0,-7.5,Pedras de Fogo,2511202
-34.95,-7.5,Caaporã,2503001
-34.9,-7.5,Caaporã,2503001
-34.85,-7.5,Pitimbu,2511905
-34.8,-7.5,Pitimbu,2511905
-38.65,-7.45,Conceição,2504405
-38.6,-7.45,Conceição,2504405
-38.55,-7.45,Conceição,2504405
-38.5,-7.45,Conceição,2504405
-38.45,-7.45,Ibiara,2506608
-38.4,-7.45,Ibiara,2506608
-38.35,-7.45,Ibiara,2506608
-38.3,-7.45,Diamante,2505600
-38.25,-7.45,Boa Ventura,2502102
-38.2,-7.45,Boa Ventura,2502102
-38.15,-7.45,Boa Ventura,2502102
-38.1,-7.45,Pedra Branca,2511004
-38.05,-7.45,Pedra Branca,2511004
-38.0,-7.45,Nova Olinda,2510204
-37.95,-7.45,Santana dos Garrotes,2513604
-37.9,-7.45,Santana dos Garrotes,2513604
-37.85,-7.45,Juru,2508000
-37.8,-7.45,Juru,2508000
-37.75,-7.45,Juru,2508000
-37.7,-7.45,Água Branca,2500106
-37.65,-7.45,Água Branca,2500106
-37.6,-7.45,Água Branca,2500106
-37.55,-7.45,Imaculada,2506707
-37.5,-7.45,Imaculada,2506707
-37.0,-7.45,São José dos Cordeiros,2514800
-36.95,-7.45,São José dos Cordeiros,2514800
-36.9,-7.45,São José dos Cordeiros,2514800
-36.85,-7.45,São José dos Cordeiros,2514800
-36.8,-7.45,São José dos Cordeiros,2514800
-36.75,-7.45,Serra Branca,2515500
-36.7,-7.45,Serra Branca,2515500
-36.65,-7.45,Serra Branca,2515500
-36.6,-7.45,Serra Branca,2515500
-36.55,-7.45,São João do Cariri,2514008
-36.5,-7.45,São João do Cariri,2514008
-36.45,-7.45,São João do Cariri,2514008
-36.4,-7.45,Cabaceiras,2503100
-36.35,-7.45,Cabaceiras,2503100
-36.3,-7.45,Cabaceiras,2503100
-36.25,-7.45,Cabaceiras,2503100
-36.2,-7.45,Boqueirão,2502508
-36.15,-7.45,Boqueirão,2502508
-36.1,-7.45,Caturité,2504355
-36.05,-7.45,Caturité,2504355
-36.0,-7.45,Queimadas,2512507
-35.95,-7.45,Queimadas,2512507
-35.9,-7.45,Queimadas,2512507
-35.85,-7.45,Queimadas,2512507
-35.8,-7.45,Fagundes,2506103
-35.75,-7.45,Fagundes,2506103
-35.7,-7.45,Itatuba,2507200
-35.65,-7.45,Itatuba,2507200
-35.6,-7.45,Itatuba,2507200
-35.55,-7.45,Natuba,2509909
-35.5,-7.45,Salgado de São Félix,2513109
-35.45,-7.45,Salgado de São Félix,2513109
-35.4,-7.45,Salgado de São Félix,2513109
-35.35,-7.45,Itabaiana,2506905
-35.0,-7.45,Pedras de Fogo,2511202
-34.95,-7.45,Caaporã,2503001
-34.9,-7.45,Alhandra,2500601
-34.85,-7.45,Pitimbu,2511905
-34.8,-7.45,Pitimbu,2511905
-38.6,-7.4,Conceição,2504405
-38.55,-7.4,Conceição,2504405
-38.5,-7.4,Conceição,2504405
-38.45,-7.4,Conceição,2504405
-38.4,-7.4,Diamante,2505600
-38.35,-7.4,Diamante,2505600
-38.3,-7.4,Diamante,2505600
-38.25,-7.4,Boa Ventura,2502102
-38.2,-7.4,Boa Ventura,2502102
-38.15,-7.4,Boa Ventura,2502102
-38.1,-7.4,Pedra Branca,2511004
-38.05,-7.4,Nova Olinda,2510204
-38.0,-7.4,Santana dos Garrotes,2513604
-37.95,-7.4,Santana dos Garrotes,2513604
-37.9,-7.4,Santana dos Garrotes,2513604
-37.85,-7.4,Olho d'Água,2510402
-37.8,-7.4,Olho d'Água,2510402
-37.75,-7.4,Juru,2508000
-37.7,-7.4,Água Branca,2500106
-37.65,-7.4,Imaculada,2506707
-37.6,-7.4,Imaculada,2506707
-37.55,-7.4,Imaculada,2506707
-37.5,-7.4,Imaculada,2506707
-37.05,-7.4,Desterro,2505402
-37.0,-7.4,Livramento,2508505
-36.95,-7.4,São José dos Cordeiros,2514800
-36.9,-7.4,São José dos Cordeiros,2514800
-36.85,-7.4,São José dos Cordeiros,2514800
-36.8,-7.4,São José dos Cordeiros,2514800
-36.75,-7.4,São José dos Cordeiros,2514800
-36.7,-7.4,Serra Branca,2515500
-36.65,-7.4,Serra Branca,2515500
-36.6,-7.4,São João do Cariri,2514008
-36.55,-7.4,São João do Cariri,2514008
-36.5,-7.4,São João do Cariri,2514008
-36.45,-7.4,São João do Cariri,2514008
-36.4,-7.4,São João do Cariri,2514008
-36.35,-7.4,Cabaceiras,2503100
-36.3,-7.4,Cabaceiras,2503100
-36.25,-7.4,Cabaceiras,2503100
-36.2,-7.4,Cabaceiras,2503100
-36.15,-7.4,Boqueirão,2502508
-36.1,-7.4,Boqueirão,2502508
-36.05,-7.4,Caturité,2504355
-36.0,-7.4,Queimadas,2512507
-35.95,-7.4,Queimadas,2512507
-35.9,-7.4,Queimadas,2512507
-35.85,-7.4,Queimadas,2512507
-35.8,-7.4,Fagundes,2506103
-35.75,-7.4,Fagundes,2506103
-35.7,-7.4,Itatuba,2507200
-35.65,-7.4,Itatuba,2507200
-35.6,-7.4,Itatuba,2507200
-35.55,-7.4,Itatuba,2507200
-35.5,-7.4,Salgado de São Félix,2513109
-35.45,-7.4,Salgado de São Félix,2513109
-35.4,-7.4,Itabaiana,2506905
-35.35,-7.4,Itabaiana,2506905
-35.3,-7.4,Itabaiana,2506905
-35.25,-7.4,Juripiranga,2507903
-35.2,-7.4,Juripiranga,2507903
-35.15,-7.4,Pedras de Fogo,2511202
-35.1,-7.4,Pedras de Fogo,2511202
-35.05,-7.4,Pedras de Fogo,2511202
-35.0,-7.4,Pedras de Fogo,2511202
-34.95,-7.4,Alhandra,2500601
-34.9,-7.4,Pitimbu,2511905
-34.85,-7.4,Pitimbu,2511905
-34.8,-7.4,Pitimbu,2511905
-38.55,-7.35,Conceição,2504405
-38.5,-7.35,Bonito de Santa Fé,2502409
-38.45,-7.35,Bonito de Santa Fé,2502409
-38.4,-7.35,Diamante,2505600
-38.35,-7.35,Diamante,2505600
-38.3,-7.35,Itaporanga,2507002
-38.25,-7.35,Itaporanga,2507002
-38.2,-7.35,Itaporanga,2507002
-38.15,-7.35,Itaporanga,2507002
-38.1,-7.35,Itaporanga,2507002
-38.05,-7.35,Santana dos Garrotes,2513604
-38.0,-7.35,Santana dos Garrotes,2513604
-37.95,-7.35,Santana dos Garrotes,2513604
-37.9,-7.35,Santana dos Garrotes,2513604
-37.85,-7.35,Olho d'Água,2510402
-37.8,-7.35,Olho d'Água,2510402
-37.75,-7.35,Olho d'Água,2510402
-37.7,-7.35,Imaculada,2506707
-37.65,-7.35,Imaculada,2506707
-37.6,-7.35,Imaculada,2506707
-37.55,-7.35,Imaculada,2506707
-37.5,-7.35,Imaculada,2506707
-37.45,-7.35,Imaculada,2506707
-37.4,-7.35,Imaculada,2506707
-37.35,-7.35,Maturéia,2509396
-37.15,-7.35,Desterro,2505402
-37.1,-7.35,Desterro,2505402
-37.05,-7.35,Desterro,2505402
-37.0,-7.35,Livramento,2508505
-36.95,-7.35,Livramento,2508505
-36.9,-7.35,Livramento,2508505
-36.85,-7.35,Livramento,2508505
-36.8,-7.35,Livramento,2508505
-36.75,-7.35,São José dos Cordeiros,2514800
-36.7,-7.35,Parari,2510659
-36.65,-7.35,Parari,2510659
-36.6,-7.35,Gurjão,2506509
-36.55,-7.35,Gurjão,2506509
-36.5,-7.35,São João do Cariri,2514008
-36.45,-7.35,São João do Cariri,2514008
-36.4,-7.35,São João do Cariri,2514008
-36.35,-7.35,Cabaceiras,2503100
-36.3,-7.35,Boa Vista,2502151
-36.25,-7.35,Boa Vista,2502151
-36.2,-7.35,Boa Vista,2502151
-36.15,-7.35,Cabaceiras,2503100
-36.1,-7.35,Campina Grande,2504009
-36.05,-7.35,Campina Grande,2504009
-36.0,-7.35,Campina Grande,2504009
-35.95,-7.35,Queimadas,2512507
-35.9,-7.35,Queimadas,2512507
-35.85,-7.35,Queimadas,2512507
-35.8,-7.35,Fagundes,2506103
-35.75,-7.35,Fagundes,2506103
-35.7,-7.35,Itatuba,2507200
-35.65,-7.35,Itatuba,2507200
-35.6,-7.35,Itatuba,2507200
-35.55,-7.35,Ingá,2506806
-35.5,-7.35,Mogeiro,2509404
-35.45,-7.35,Mogeiro,2509404
-35.4,-7.35,Itabaiana,2506905
-35.35,-7.35,Itabaiana,2506905
-35.3,-7.35,Itabaiana,2506905
-35.25,-7.35,Juripiranga,2507903
-35.2,-7.35,Juripiranga,2507903
-35.15,-7.35,Pedras de Fogo,2511202
-35.1,-7.35,Pedras de Fogo,2511202
-35.05,-7.35,Pedras de Fogo,2511202
-35.0,-7.35,Pedras de Fogo,2511202
-34.95,-7.35,Alhandra,2500601
-34.9,-7.35,Alhandra,2500601
-34.85,-7.35,Pitimbu,2511905
-34.8,-7.35,Conde,2504603
-38.55,-7.3,Bonito de Santa Fé,2502409
-38.5,-7.3,Bonito de Santa Fé,2502409
-38.45,-7.3,Bonito de Santa Fé,2502409
-38.4,-7.3,São José de Caiana,2514305
-38.35,-7.3,São José de Caiana,2514305
-38.3,-7.3,São José de Caiana,2514305
-38.25,-7.3,Itaporanga,2507002
-38.2,-7.3,Itaporanga,2507002
-38.15,-7.3,Itaporanga,2507002
-38.1,-7.3,Itaporanga,2507002
-38.05,-7.3,Piancó,2511301
-38.0,-7.3,Santana dos Garrotes,2513604
-37.95,-7.3,Piancó,2511301
-37.9,-7.3,Piancó,2511301
-37.85,-7.3,Olho d'Água,2510402
-37.8,-7.3,Olho d'Água,2510402
-37.75,-7.3,Olho d'Água,2510402
-37.7,-7.3,Olho d'Água,2510402
-37.65,-7.3,Olho d'Água,2510402
-37.6,-7.3,Olho d'Água,2510402
-37.55,-7.3,Catingueira,2504207
-37.5,-7.3,Mãe d'Água,2508703
-37.45,-7.3,Mãe d'Água,2508703
-37.4,-7.3,Mãe d'Água,2508703
-37.35,-7.3,Maturéia,2509396
-37.3,-7.3,Teixeira,2516706
-37.2,-7.3,Teixeira,2516706
-37.15,-7.3,Desterro,2505402
-37.1,-7.3,Desterro,2505402
-37.05,-7.3,Desterro,2505402
-37.0,-7.3,Livramento,2508505
-36.95,-7.3,Livramento,2508505
-36.9,-7.3,Taperoá,2516508
-36.85,-7.3,Taperoá,2516508
-36.8,-7.3,Taperoá,2516508
-36.75,-7.3,Taperoá,2516508
-36.7,-7.3,Parari,2510659
-36.65,-7.3,Parari,2510659
-36.6,-7.3,Parari,2510659
-36.55,-7.3,Gurjão,2506509
-36.5,-7.3,Gurjão,2506509
-36.45,-7.3,Gurjão,2506509
-36.4,-7.3,Gurjão,2506509
-36.35,-7.3,Gurjão,2506509
-36.3,-7.3,Boa Vista,2502151
-36.25,-7.3,Boa Vista,2502151
-36.2,-7.3,Boa Vista,2502151
-36.15,-7.3,Boa Vista,2502151
-36.1,-7.3,Campina Grande,2504009
-36.05,-7.3,Campina Grande,2504009
-36.0,-7.3,Campina Grande,2504009
-35.95,-7.3,Queimadas,2512507
-35.9,-7.3,Queimadas,2512507
-35.85,-7.3,Campina Grande,2504009
-35.8,-7.3,Campina Grande,2504009
-35.75,-7.3,Campina Grande,2504009
-35.7,-7.3,Ingá,2506806
-35.65,-7.3,Ingá,2506806
-35.6,-7.3,Ingá,2506806
-35.55,-7.3,Mogeiro,2509404
-35.5,-7.3,Mogeiro,2509404
-35.45,-7.3,Mogeiro,2509404
-35.4,-7.3,Itabaiana,2506905
-35.35,-7.3,Itabaiana,2506905
-35.3,-7.3,Pilar,2511509
-35.25,-7.3,Pilar,2511509
-35.2,-7.3,São Miguel de Taipu,2515005
-35.15,-7.3,Pedras de Fogo,2511202
-35.1,-7.3,Pedras de Fogo,2511202
-35.05,-7.3,Pedras de Fogo,2511202
-35.0,-7.3,Alhandra,2500601
-34.95,-7.3,Alhandra,2500601
-34.9,-7.3,Conde,2504603
-34.85,-7.3,Conde,2504603
-34.8,-7.3,Conde,2504603
-38.6,-7.25,Monte Horebe,2509602
-38.55,-7.25,Bonito de Santa Fé,2502409
-38.5,-7.25,Bonito de Santa Fé,2502409
-38.45,-7.25,Bonito de Santa Fé,2502409
-38.4,-7.25,Serra Grande,2515708
-38.35,-7.25,São José de Caiana,2514305
-38.3,-7.25,São José de Caiana,2514305
-38.25,-7.25,Itaporanga,2507002
-38.2,-7.25,Itaporanga,2507002
-38.15,-7.25,Itaporanga,2507002
-38.1,-7.25,Itaporanga,2507002
-38.05,-7.25,Piancó,2511301
-38.0,-7.25,Piancó,2511301
-37.95,-7.25,Piancó,2511301
-37.9,-7.25,Piancó,2511301
-37.85,-7.25,Piancó,2511301
-37.8,-7.25,Olho d'Água,2510402
-37.75,-7.25,Olho d'Água,2510402
-37.7,-7.25,Olho d'Água,2510402
-37.65,-7.25,Olho d'Água,2510402
-37.6,-7.25,Catingueira,2504207
-37.55,-7.25,Catingueira,2504207
-37.5,-7.25,Mãe d'Água,2508703
-37.45,-7.25,Mãe d'Água,2508703
-37.4,-7.25,Mãe d'Água,2508703
-37.35,-7.25,Maturéia,2509396
-37.3,-7.25,Teixeira,2516706
-37.25,-7.25,Teixeira,2516706
-37.2,-7.25,Teixeira,2516706
-37.15,-7.25,Teixeira,2516706
-37.1,-7.25,Desterro,2505402
-37.05,-7.25,Cacimbas,2503555
-37.0,-7.25,Taperoá,2516508
-36.95,-7.25,Taperoá,2516508
-36.9,-7.25,Taperoá,2516508
-36.85,-7.25,Taperoá,2516508
-36.8,-7.25,Taperoá,2516508
-36.75,-7.25,Taperoá,2516508
-36.7,-7.25,Taperoá,2516508
-36.65,-7.25,Santo André,2513851
-36.6,-7.25,Santo André,2513851
-36.55,-7.25,Gurjão,2506509
-36.5,-7.25,Gurjão,2506509
-36.45,-7.25,Gurjão,2506509
-36.4,-7.25,Gurjão,2506509
-36.35,-7.25,Gurjão,2506509
-36.3,-7.25,Boa Vista,2502151
-36.25,-7.25,Boa Vista,2502151
-36.2,-7.25,Boa Vista,2502151
-36.15,-7.25,Boa Vista,2502151
-36.1,-7.25,Campina Grande,2504009
-36.05,-7.25,Campina Grande,2504009
-36.0,-7.25,Campina Grande,2504009
-35.95,-7.25,Campina Grande,2504009
-35.9,-7.25,Campina Grande,2504009
-35.85,-7.25,Campina Grande,2504009
-35.8,-7.25,Massaranduba,2509206
-35.75,-7.25,Massaranduba,2509206
-35.7,-7.25,Riachão do Bacamarte,2512754
-35.65,-7.25,Riachão do Bacamarte,2512754
-35.6,-7.25,Ingá,2506806
-35.55,-7.25,Mogeiro,2509404
-35.5,-7.25,Mogeiro,2509404
-35.45,-7.25,Gurinhém,2506400
-35.4,-7.25,São José dos Ramos,2514453
-35.35,-7.25,São José dos Ramos,2514453
-35.3,-7.25,São José dos Ramos,2514453
-35.25,-7.25,Pilar,2511509
-35.2,-7.25,São Miguel de Taipu,2515005
-35.15,-7.25,Pedras de Fogo,2511202
-35.1,-7.25,Pedras de Fogo,2511202
-35.05,-7.25,Santa Rita,2513703
-35.0,-7.25,Santa Rita,2513703
-34.95,-7.25,Santa Rita,2513703
-34.9,-7.25,Conde,2504603
-34.85,-7.25,Conde,2504603
-34.8,-7.25,Conde,2504603
-38.7,-7.2,São José de Piranhas,2514503
-38.65,-7.2,Monte Horebe,2509602
-38.6,-7.2,Monte Horebe,2509602
-38.55,-7.2,Monte Horebe,2509602
-38.5,-7.2,Monte Horebe,2509602
-38.45,-7.2,Monte Horebe,2509602
-38.4,-7.2,Serra Grande,2515708
-38.35,-7.2,Serra Grande,2515708
-38.3,-7.2,São José de Caiana,2514305
-38.25,-7.2,Itaporanga,2507002
-38.2,-7.2,Itaporanga,2507002
-38.15,-7.2,Igaracy,2502607
-38.1,-7.2,Igaracy,2502607
-38.05,-7.2,Piancó,2511301
-38.0,-7.2,Piancó,2511301
-37.95,-7.2,Piancó,2511301
-37.9,-7.2,Piancó,2511301
-37.85,-7.2,Piancó,2511301
-37.8,-7.2,Olho d'Água,2510402
-37.75,-7.2,Olho d'Água,2510402
-37.7,-7.2,Olho d'Água,2510402
-37.65,-7.2,Catingueira,2504207
-37.6,-7.2,Catingueira,2504207
-37.55,-7.2,Catingueira,2504207
-37.5,-7.2,Santa Teresinha,2513802
-37.45,-7.2,Mãe d'Água,2508703
-37.4,-7.2,Mãe d'Água,2508703
-37.35,-7.2,São José do Bonfim,2514602
-37.3,-7.2,Teixeira,2516706
-37.25,-7.2,Teixeira,2516706
-37.2,-7.2,Cacimba de Areia,2503407
-37.15,-7.2,Cacimbas,2503555
-37.1,-7.2,Cacimbas,2503555
-37.05,-7.2,Cacimbas,2503555
-37.0,-7.2,Taperoá,2516508
-36.95,-7.2,Taperoá,2516508
-36.9,-7.2,Taperoá,2516508
-36.85,-7.2,Taperoá,2516508
-36.8,-7.2,Taperoá,2516508
-36.75,-7.2,Taperoá,2516508
-36.7,-7.2,Taperoá,2516508
-36.65,-7.2,Santo André,2513851
-36.6,-7.2,Santo André,2513851
-36.55,-7.2,Santo André,2513851
-36.5,-7.2,Gurjão,2506509
-36.45,-7.2,Gurjão,2506509
-36.4,-7.2,Soledade,2516102
-36.35,-7.2,Soledade,2516102
-36.3,-7.2,Boa Vista,2502151
-36.25,-7.2,Boa Vista,2502151
-36.2,-7.2,Boa Vista,2502151
-36.15,-7.2,Boa Vista,2502151
-36.1,-7.2,Boa Vista,2502151
-36.05,-7.2,Campina Grande,2504009
-36.0,-7.2,Campina Grande,2504009
-35.95,-7.2,Campina Grande,2504009
-35.9,-7.2,Campina Grande,2504009
-35.85,-7.2,Lagoa Seca,2508307
-35.8,-7.2,Massaranduba,2509206
-35.75,-7.2,Massaranduba,2509206
-35.7,-7.2,Massaranduba,2509206
-35.65,-7.2,Ingá,2506806
-35.6,-7.2,Ingá,2506806
-35.55,-7.2,Ingá,2506806
-35.5,-7.2,Gurinhém,2506400
-35.45,-7.2,Gurinhém,2506400
-35.4,-7.2,Gurinhém,2506400
-35.35,-7.2,São José dos Ramos,2514453
-35.3,-7.2,Sobrado,2515971
-35.25,-7.2,Sobrado,2515971
-35.2,-7.2,São Miguel de Taipu,2515005
-35.15,-7.2,Cruz do Espírito Santo,2504900
-35.1,-7.2,Cruz do Espírito Santo,2504900
-35.05,-7.2,Santa Rita,2513703
-35.0,-7.2,Santa Rita,2513703
-34.95,-7.2,João Pessoa,2507507
-34.9,-7.2,João Pessoa,2507507
-34.85,-7.2,João Pessoa,2507507
-34.8,-7.2,João Pessoa,2507507
-38.7,-7.15,São José de Piranhas,2514503
-38.65,-7.15,São José de Piranhas,2514503
-38.6,-7.15,São José de Piranhas,2514503
-38.55,-7.15,São José de Piranhas,2514503
-38.5,-7.15,São José de Piranhas,2514503
-38.45,-7.15,São José de Piranhas,2514503
-38.4,-7.15,São José de Piranhas,2514503
-38.35,-7.15,São José de Piranhas,2514503
-38.3,-7.15,São José de Piranhas,2514503
-38.25,-7.15,Aguiar,2500205
-38.2,-7.15,Igaracy,2502607
-38.15,-7.15,Igaracy,2502607
-38.1,-7.15,Igaracy,2502607
-38.05,-7.15,Piancó,2511301
-38.0,-7.15,Coremas,2504801
-37.95,-7.15,Piancó,2511301
-37.9,-7.15,Piancó,2511301
-37.85,-7.15,Piancó,2511301
-37.8,-7.15,Piancó,2511301
-37.75,-7.15,Emas,2505907
-37.7,-7.15,Emas,2505907
-37.65,-7.15,Catingueira,2504207
-37.6,-7.15,Catingueira,2504207
-37.55,-7.15,Catingueira,2504207
-37.5,-7.15,Santa Teresinha,2513802
-37.45,-7.15,Santa Teresinha,2513802
-37.4,-7.15,Santa Teresinha,2513802
-37.35,-7.15,São José do Bonfim,2514602
-37.3,-7.15,São José do Bonfim,2514602
-37.25,-7.15,São José do Bonfim,2514602
-37.2,-7.15,Cacimba de Areia,2503407
-37.15,-7.15,Cacimba de Areia,2503407
-37.1,-7.15,Cacimba de Areia,2503407
-37.05,-7.15,Passagem,2510709
-37.0,-7.15,Passagem,2510709
-36.95,-7.15,Areia de Baraúnas,2501153
-36.9,-7.15,Salgadinho,2513000
-36.85,-7.15,Salgadinho,2513000
-36.8,-7.15,Taperoá,2516508
-36.75,-7.15,Taperoá,2516508
-36.7,-7.15,Taperoá,2516508
-36.65,-7.15,Santo André,2513851
-36.6,-7.15,Juazeirinho,2507705
-36.55,-7.15,Juazeirinho,2507705
-36.5,-7.15,Juazeirinho,2507705
-36.45,-7.15,Soledade,2516102
-36.4,-7.15,Soledade,2516102
-36.35,-7.15,Soledade,2516102
-36.3,-7.15,Soledade,2516102
-36.25,-7.15,Soledade,2516102
-36.2,-7.15,Pocinhos,2512002
-36.15,-7.15,Pocinhos,2512002
-36.1,-7.15,Pocinhos,2512002
-36.05,-7.15,Pocinhos,2512002
-36.0,-7.15,Puxinanã,2512408
-35.95,-7.15,Puxinanã,2512408
-35.9,-7.15,Lagoa Seca,2508307
-35.85,-7.15,Lagoa Seca,2508307
-35.8,-7.15,Lagoa Seca,2508307
-35.75,-7.15,Massaranduba,2509206
-35.7,-7.15,Massaranduba,2509206
-35.65,-7.15,Serra Redonda,2515807
-35.6,-7.15,Juarez Távora,2507606
-35.55,-7.15,Juarez Távora,2507606
-35.5,-7.15,Gurinhém,2506400
-35.45,-7.15,Gurinhém,2506400
-35.4,-7.15,Gurinhém,2506400
-35.35,-7.15,Caldas Brandão,2503803
-35.3,-7.15,Riachão do Poço,2512762
-35.25,-7.15,Sobrado,2515971
-35.2,-7.15,Sapé,2515302
-35.15,-7.15,Cruz do Espírito Santo,2504900
-35.1,-7.15,Cruz do Espírito Santo,2504900
-35.05,-7.15,Cruz do Espírito Santo,2504900
-35.0,-7.15,Santa Rita,2513703
-34.95,-7.15,Bayeux,2501807
-34.9,-7.15,João Pessoa,2507507
-34.85,-7.15,João Pessoa,2507507
-34.8,-7.15,João Pessoa,2507507
-38.65,-7.1,São José de Piranhas,2514503
-38.6,-7.1,São José de Piranhas,2514503
-38.55,-7.1,São José de Piranhas,2514503
-38.5,-7.1,São José de Piranhas,2514503
-38.45,-7.1,São José de Piranhas,2514503
-38.4,-7.1,São José de Piranhas,2514503
-38.35,-7.1,São José de Piranhas,2514503
-38.3,-7.1,Aguiar,2500205
-38.25,-7.1,Aguiar,2500205
-38.2,-7.1,Aguiar,2500205
-38.15,-7.1,Igaracy,2502607
-38.1,-7.1,Igaracy,2502607
-38.05,-7.1,Coremas,2504801
-38.0,-7.1,Coremas,2504801
-37.95,-7.1,Piancó,2511301
-37.9,-7.1,Piancó,2511301
-37.85,-7.1,Piancó,2511301
-37.8,-7.1,Emas,2505907
-37.75,-7.1,Emas,2505907
-37.7,-7.1,Emas,2505907
-37.65,-7.1,Catingueira,2504207
-37.6,-7.1,Catingueira,2504207
-37.55,-7.1,Catingueira,2504207
-37.5,-7.1,Santa Teresinha,2513802
-37.45,-7.1,Santa Teresinha,2513802
-37.4,-7.1,Santa Teresinha,2513802
-37.35,-7.1,Santa Teresinha,2513802
-37.3,-7.1,São José do Bonfim,2514602
-37.25,-7.1,Patos,2510808
-37.2,-7.1,Cacimba de Areia,2503407
-37.15,-7.1,Cacimba de Areia,2503407
-37.1,-7.1,Cacimba de Areia,2503407
-37.05,-7.1,Passagem,2510709
-37.0,-7.1,Passagem,2510709
-36.95,-7.1,Areia de Baraúnas,2501153
-36.9,-7.1,Salgadinho,2513000
-36.85,-7.1,Salgadinho,2513000
-36.8,-7.1,Salgadinho,2513000
-36.75,-7.1,Assunção,2501351
-36.7,-7.1,Assunção,2501351
-36.65,-7.1,Juazeirinho,2507705
-36.6,-7.1,Juazeirinho,2507705
-36.55,-7.1,Juazeirinho,2507705
-36.5,-7.1,Juazeirinho,2507705
-36.45,-7.1,Soledade,2516102
-36.4,-7.1,Soledade,2516102
-36.35,-7.1,Soledade,2516102
-36.3,-7.1,Soledade,2516102
-36.25,-7.1,Soledade,2516102
-36.2,-7.1,Pocinhos,2512002
-36.15,-7.1,Pocinhos,2512002
-36.1,-7.1,Pocinhos,2512002
-36.05,-7.1,Pocinhos,2512002
-36.0,-7.1,Pocinhos,2512002
-35.95,-7.1,Montadas,2509503
-35.9,-7.1,Lagoa Seca,2508307
-35.85,-7.1,São Sebastião de Lagoa de Roça,2515104
-35.8,-7.1,Alagoa Nova,2500403
-35.75,-7.1,Alagoa Nova,2500403
-35.7,-7.1,Alagoa Grande,2500304
-35.65,-7.1,Alagoa Grande,2500304
-35.6,-7.1,Alagoa Grande,2500304
-35.55,-7.1,Alagoa Grande,2500304
-35.5,-7.1,Gurinhém,2506400
-35.45,-7.1,Gurinhém,2506400
-35.4,-7.1,Gurinhém,2506400
-35.35,-7.1,Caldas Brandão,2503803
-35.3,-7.1,Mari,2509107
-35.25,-7.1,Sapé,2515302
-35.2,-7.1,Sapé,2515302
-35.15,-7.1,Sapé,2515302
-35.1,-7.1,Cruz do Espírito Santo,2504900
-35.05,-7.1,Santa Rita,2513703
-35.0,-7.1,Santa Rita,2513703
-34.95,-7.1,Santa Rita,2513703
-34.9,-7.1,Bayeux,2501807
-34.85,-7.1,João Pessoa,2507507
-34.8,-7.1,João Pessoa,2507507
-38.7,-7.05,Cachoeira dos Índios,2503308
-38.65,-7.05,São José de Piranhas,2514503
-38.6,-7.05,Cajazeiras,2503704
-38.55,-7.05,São José de Piranhas,2514503
-38.5,-7.05,São José de Piranhas,2514503
-38.45,-7.05,São José de Piranhas,2514503
-38.4,-7.05,São José de Piranhas,2514503
-38.35,-7.05,Carrapateira,2504108
-38.3,-7.05,Aguiar,2500205
-38.25,-7.05,Aguiar,2500205
-38.2,-7.05,Aguiar,2500205
-38.15,-7.05,Aguiar,2500205
-38.1,-7.05,Aguiar,2500205
-38.05,-7.05,Coremas,2504801
-38.0,-7.05,Coremas,2504801
-37.95,-7.05,Coremas,2504801
-37.9,-7.05,Coremas,2504801
-37.85,-7.05,Coremas,2504801
-37.8,-7.05,Emas,2505907
-37.75,-7.05,Emas,2505907
-37.7,-7.05,Emas,2505907
-37.65,-7.05,Catingueira,2504207
-37.6,-7.05,Catingueira,2504207
-37.55,-7.05,Catingueira,2504207
-37.5,-7.05,Santa Teresinha,2513802
-37.45,-7.05,Santa Teresinha,2513802
-37.4,-7.05,Santa Teresinha,2513802
-37.35,-7.05,Patos,2510808
-37.3,-7.05,Patos,2510808
-37.25,-7.05,Patos,2510808
-37.2,-7.05,Quixaba,2512606
-37.15,-7.05,Quixaba,2512606
-37.1,-7.05,Quixaba,2512606
-37.05,-7.05,Quixaba,2512606
-37.0,-7.05,São Mamede,2514909
-36.95,-7.05,Areia de Baraúnas,2501153
-36.9,-7.05,Santa Luzia,2513406
-36.85,-7.05,Junco do Seridó,2507804
-36.8,-7.05,Salgadinho,2513000
-36.75,-7.05,Assunção,2501351
-36.7,-7.05,Assunção,2501351
-36.65,-7.05,Juazeirinho,2507705
-36.6,-7.05,Juazeirinho,2507705
-36.55,-7.05,Juazeirinho,2507705
-36.5,-7.05,Juazeirinho,2507705
-36.45,-7.05,Soledade,2516102
-36.4,-7.05,Soledade,2516102
-36.35,-7.05,Soledade,2516102
-36.3,-7.05,Soledade,2516102
-36.25,-7.05,Olivedos,2510501
-36.2,-7.05,Pocinhos,2512002
-36.15,-7.05,Pocinhos,2512002
-36.1,-7.05,Pocinhos,2512002
-36.05,-7.05,Pocinhos,2512002
-36.0,-7.05,Pocinhos,2512002
-35.95,-7.05,Areial,2501203
-35.9,-7.05,Esperança,2506004
-35.85,-7.05,Alagoa Nova,2500403
-35.8,-7.05,Alagoa Nova,2500403
-35.75,-7.05,Alagoa Nova,2500403
-35.7,-7.05,Alagoa Nova,2500403
-35.65,-7.05,Alagoa Grande,2500304
-35.6,-7.05,Alagoa Grande,2500304
-35.55,-7.05,Alagoa Grande,2500304
-35.5,-7.05,Alagoa Grande,2500304
-35.45,-7.05,Mulungu,2509800
-35.4,-7.05,Gurinhém,2506400
-35.35,-7.05,Mari,2509107
-35.3,-7.05,Mari,2509107
-35.25,-7.05,Mari,2509107
-35.2,-7.05,Sapé,2515302
-35.15,-7.05,Sapé,2515302
-35.1,-7.05,Santa Rita,2513703
-35.05,-7.05,Santa Rita,2513703
-35.0,-7.05,Santa Rita,2513703
-34.95,-7.05,Santa Rita,2513703
-34.9,-7.05,Santa Rita,2513703
-34.85,-7.05,Cabedelo,2503209
-38.75,-7.0,Cachoeira dos Índios,2503308
-38.7,-7.0,Cachoeira dos Índios,2503308
-38.65,-7.0,Cajazeiras,2503704
-38.6,-7.0,Cajazeiras,2503704
-38.55,-7.0,Cajazeiras,2503704
-38.5,-7.0,São José de Piranhas,2514503
-38.45,-7.0,São José de Piranhas,2514503
-38.4,-7.0,São José de Piranhas,2514503
-38.35,-7.0,Carrapateira,2504108
-38.3,-7.0,Nazarezinho,2510006
-38.25,-7.0,Aguiar,2500205
-38.2,-7.0,São José da Lagoa Tapada,2514206
-38.15,-7.0,São José da Lagoa Tapada,2514206
-38.1,-7.0,São José da Lagoa Tapada,2514206
-38.05,-7.0,Coremas,2504801
-38.0,-7.0,Coremas,2504801
-37.95,-7.0,Coremas,2504801
-37.9,-7.0,Pombal,2512101
-37.85,-7.0,Cajazeirinhas,2503753
-37.8,-7.0,Cajazeirinhas,2503753
-37.75,-7.0,Cajazeirinhas,2503753
-37.7,-7.0,Cajazeirinhas,2503753
-37.65,-7.0,Catingueira,2504207
-37.6,-7.0,Condado,2504504
-37.55,-7.0,Catingueira,2504207
-37.5,-7.0,Santa Teresinha,2513802
-37.45,-7.0,Santa Teresinha,2513802
-37.4,-7.0,Patos,2510808
-37.35,-7.0,Patos,2510808
-37.3,-7.0,Patos,2510808
-37.25,-7.0,Patos,2510808
-37.2,-7.0,Quixaba,2512606
-37.15,-7.0,Quixaba,2512606
-37.1,-7.0,São Mamede,2514909
-37.05,-7.0,São Mamede,2514909
-37.0,-7.0,São Mamede,2514909
-36.95,-7.0,São Mamede,2514909
-36.9,-7.0,Santa Luzia,2513406
-36.85,-7.0,Junco do Seridó,2507804
-36.8,-7.0,Junco do Seridó,2507804
-36.75,-7.0,Junco do Seridó,2507804
-36.7,-7.0,Junco do Seridó,2507804
-36.65,-7.0,Tenório,2516755
-36.6,-7.0,Juazeirinho,2507705
-36.55,-7.0,Juazeirinho,2507705
-36.5,-7.0,Juazeirinho,2507705
-36.45,-7.0,Soledade,2516102
-36.4,-7.0,Soledade,2516102
-36.35,-7.0,Soledade,2516102
-36.3,-7.0,Olivedos,2510501
-36.25,-7.0,Olivedos,2510501
-36.2,-7.0,Olivedos,2510501
-36.15,-7.0,Pocinhos,2512002
-36.1,-7.0,Pocinhos,2512002
-36.05,-7.0,Pocinhos,2512002
-36.0,-7.0,Pocinhos,2512002
-35.95,-7.0,Esperança,2506004
-35.9,-7.0,Esperança,2506004
-35.85,-7.0,Esperança,2506004
-35.8,-7.0,Remígio,2512705
-35.75,-7.0,Areia,2501104
-35.7,-7.0,Areia,2501104
-35.65,-7.0,Alagoa Grande,2500304
-35.6,-7.0,Alagoa Grande,2500304
-35.55,-7.0,Alagoa Grande,2500304
-35.5,-7.0,Alagoinha,2500502
-35.45,-7.0,Mulungu,2509800
-35.4,-7.0,Mulungu,2509800
-35.35,-7.0,Mari,2509107
-35.3,-7.0,Mari,2509107
-35.25,-7.0,Sapé,2515302
-35.2,-7.0,Sapé,2515302
-35.15,-7.0,Sapé,2515302
-35.1,-7.0,Santa Rita,2513703
-35.05,-7.0,Santa Rita,2513703
-35.0,-7.0,Santa Rita,2513703
-34.95,-7.0,Santa Rita,2513703
-34.9,-7.0,Santa Rita,2513703
-34.85,-7.0,Cabedelo,2503209
-38.75,-6.95,Cachoeira dos Índios,2503308
-38.7,-6.95,Cachoeira dos Índios,2503308
-38.65,-6.95,Cachoeira dos Índios,2503308
-38.6,-6.95,Cajazeiras,2503704
-38.55,-6.95,Cajazeiras,2503704
-38.5,-6.95,Cajazeiras,2503704
-38.45,-6.95,Cajazeiras,2503704
-38.4,-6.95,Nazarezinho,2510006
-38.35,-6.95,Nazarezinho,2510006
-38.3,-6.95,Nazarezinho,2510006
-38.25,-6.95,Nazarezinho,2510006
-38.2,-6.95,São José da Lagoa Tapada,2514206
-38.15,-6.95,São José da Lagoa Tapada,2514206
-38.1,-6.95,São José da Lagoa Tapada,2514206
-38.05,-6.95,São José da Lagoa Tapada,2514206
-38.0,-6.95,Coremas,2504801
-37.95,-6.95,Pombal,2512101
-37.9,-6.95,Cajazeirinhas,2503753
-37.85,-6.95,Cajazeirinhas,2503753
-37.8,-6.95,Cajazeirinhas,2503753
-37.75,-6.95,Cajazeirinhas,2503753
-37.7,-6.95,São Bentinho,2513927
-37.65,-6.95,Condado,2504504
-37.6,-6.95,Condado,2504504
-37.55,-6.95,Condado,2504504
-37.5,-6.95,Malta,2508802
-37.45,-6.95,Patos,2510808
-37.4,-6.95,Patos,2510808
-37.35,-6.95,Patos,2510808
-37.3,-6.95,Patos,2510808
-37.25,-6.95,Patos,2510808
-37.2,-6.95,Patos,2510808
-37.15,-6.95,São Mamede,2514909
-37.1,-6.95,São Mamede,2514909
-37.05,-6.95,São Mamede,2514909
-37.0,-6.95,São Mamede,2514909
-36.95,-6.95,Santa Luzia,2513406
-36.9,-6.95,Santa Luzia,2513406
-36.85,-6.95,Santa Luzia,2513406
-36.8,-6.95,Junco do Seridó,2507804
-36.75,-6.95,Junco do Seridó,2507804
-36.7,-6.95,Junco do Seridó,2507804
-36.65,-6.95,Tenório,2516755
-36.6,-6.95,Tenório,2516755
-36.55,-6.95,Juazeirinho,2507705
-36.5,-6.95,Juazeirinho,2507705
-36.45,-6.95,São Vicente do Seridó,2515401
-36.4,-6.95,São Vicente do Seridó,2515401
-36.35,-6.95,São Vicente do Seridó,2515401
-36.3,-6.95,Olivedos,2510501
-36.25,-6.95,Olivedos,2510501
-36.2,-6.95,Olivedos,2510501
-36.15,-6.95,Olivedos,2510501
-36.1,-6.95,Pocinhos,2512002
-36.05,-6.95,Algodão de Jandaíra,2500577
-36.0,-6.95,Pocinhos,2512002
-35.95,-6.95,Pocinhos,2512002
-35.9,-6.95,Esperança,2506004
-35.85,-6.95,Remígio,2512705
-35.8,-6.95,Remígio,2512705
-35.75,-6.95,Areia,2501104
-35.7,-6.95,Areia,2501104
-35.65,-6.95,Areia,2501104
-35.6,-6.95,Areia,2501104
-35.55,-6.95,Alagoinha,2500502
-35.5,-6.95,Alagoinha,2500502
-35.45,-6.95,Guarabira,2506301
-35.4,-6.95,Mulungu,2509800
-35.35,-6.95,Mulungu,2509800
-35.3,-6.95,Araçagi,2500809
-35.25,-6.95,Sapé,2515302
-35.2,-6.95,Sapé,2515302
-35.15,-6.95,Sapé,2515302
-35.1,-6.95,Santa Rita,2513703
-35.05,-6.95,Santa Rita,2513703
-35.0,-6.95,Santa Rita,2513703
-34.95,-6.95,Santa Rita,2513703
-34.9,-6.95,Lucena,2508604
-34.85,-6.95,Lucena,2508604
-38.75,-6.9,Cachoeira dos Índios,2503308
-38.7,-6.9,Cachoeira dos Índios,2503308
-38.65,-6.9,Cachoeira dos Índios,2503308
-38.6,-6.9,Cajazeiras,2503704
-38.55,-6.9,Cajazeiras,2503704
-38.5,-6.9,Cajazeiras,2503704
-38.45,-6.9,Cajazeiras,2503704
-38.4,-6.9,São João do Rio do Peixe,2500700
-38.35,-6.9,Nazarezinho,2510006
-38.3,-6.9,Sousa,2516201
-38.25,-6.9,São José da Lagoa Tapada,2514206
-38.2,-6.9,São José da Lagoa Tapada,2514206
-38.15,-6.9,São José da Lagoa Tapada,2514206
-38.1,-6.9,São José da Lagoa Tapada,2514206
-38.05,-6.9,São José da Lagoa Tapada,2514206
-38.0,-6.9,Pombal,2512101
-37.95,-6.9,Pombal,2512101
-37.9,-6.9,Pombal,2512101
-37.85,-6.9,Cajazeirinhas,2503753
-37.8,-6.9,Cajazeirinhas,2503753
-37.75,-6.9,Cajazeirinhas,2503753
-37.7,-6.9,São Bentinho,2513927
-37.65,-6.9,Condado,2504504
-37.6,-6.9,Condado,2504504
-37.55,-6.9,Malta,2508802
-37.5,-6.9,Malta,2508802
-37.45,-6.9,São José de Espinharas,2514404
-37.4,-6.9,São José de Espinharas,2514404
-37.35,-6.9,São José de Espinharas,2514404
-37.3,-6.9,São José de Espinharas,2514404
-37.25,-6.9,São José de Espinharas,2514404
-37.2,-6.9,São Mamede,2514909
-37.15,-6.9,São Mamede,2514909
-37.1,-6.9,São Mamede,2514909
-37.05,-6.9,São Mamede,2514909
-37.0,-6.9,Santa Luzia,2513406
-36.95,-6.9,Santa Luzia,2513406
-36.9,-6.9,Santa Luzia,2513406
-36.85,-6.9,Santa Luzia,2513406
-36.8,-6.9,Santa Luzia,2513406
-36.75,-6.9,São José do Sabugi,2514701
-36.6,-6.9,Tenório,2516755
-36.55,-6.9,Juazeirinho,2507705
-36.5,-6.9,São Vicente do Seridó,2515401
-36.45,-6.9,São Vicente do Seridó,2515401
-36.4,-6.9,São Vicente do Seridó,2515401
-36.35,-6.9,Cubati,2505006
-36.3,-6.9,Cubati,2505006
-36.25,-6.9,Olivedos,2510501
-36.2,-6.9,Barra de Santa Rosa,2501609
-36.15,-6.9,Barra de Santa Rosa,2501609
-36.1,-6.9,Barra de Santa Rosa,2501609
-36.05,-6.9,Algodão de Jandaíra,2500577
-36.0,-6.9,Algodão de Jandaíra,2500577
-35.95,-6.9,Algodão de Jandaíra,2500577
-35.9,-6.9,Remígio,2512705
-35.85,-6.9,Remígio,2512705
-35.8,-6.9,Remígio,2512705
-35.75,-6.9,Areia,2501104
-35.7,-6.9,Areia,2501104
-35.65,-6.9,Arara,2500908
-35.6,-6.9,Pilões,2511608
-35.55,-6.9,Cuitegi,2505204
-35.5,-6.9,Cuitegi,2505204
-35.45,-6.9,Guarabira,2506301
-35.4,-6.9,Guarabira,2506301
-35.35,-6.9,Araçagi,2500809
-35.3,-6.9,Cuité de Mamanguape,2505238
-35.25,-6.9,Cuité de Mamanguape,2505238
-35.2,-6.9,Capim,2504033
-35.15,-6.9,Capim,2504033
-35.1,-6.9,Rio Tinto,2512903
-35.05,-6.9,Rio Tinto,2512903
-35.0,-6.9,Rio Tinto,2512903
-34.95,-6.9,Lucena,2508604
-34.9,-6.9,Lucena,2508604
-34.85,-6.9,Lucena,2508604
-38.7,-6.85,Cachoeira dos Índios,2503308
-38.65,-6.85,Bom Jesus,2502201
-38.6,-6.85,Cajazeiras,2503704
-38.55,-6.85,Cajazeiras,2503704
-38.5,-6.85,Cajazeiras,2503704
-38.45,-6.85,Cajazeiras,2503704
-38.4,-6.85,São João do Rio do Peixe,2500700
-38.35,-6.85,Marizópolis,2509156
-38.3,-6.85,Sousa,2516201
-38.25,-6.85,Sousa,2516201
-38.2,-6.85,Sousa,2516201
-38.15,-6.85,Sousa,2516201
-38.1,-6.85,Aparecida,2500775
-38.05,-6.85,Aparecida,2500775
-38.0,-6.85,São Domingos,2513968
-37.95,-6.85,São Domingos,2513968
-37.9,-6.85,Pombal,2512101
-37.85,-6.85,Pombal,2512101
-37.8,-6.85,Pombal,2512101
-37.75,-6.85,São Bentinho,2513927
-37.7,-6.85,São Bentinho,2513927
-37.65,-6.85,São Bentinho,2513927
-37.6,-6.85,Condado,2504504
-37.55,-6.85,Malta,2508802
-37.5,-6.85,São José de Espinharas,2514404
-37.45,-6.85,São José de Espinharas,2514404
-37.4,-6.85,São José de Espinharas,2514404
-37.35,-6.85,São José de Espinharas,2514404
-37.3,-6.85,São José de Espinharas,2514404
-37.25,-6.85,São José de Espinharas,2514404
-37.2,-6.85,São Mamede,2514909
-37.15,-6.85,São Mamede,2514909
-37.1,-6.85,São Mamede,2514909
-37.05,-6.85,São Mamede,2514909
-37.0,-6.85,Várzea,2517100
-36.95,-6.85,Santa Luzia,2513406
-36.9,-6.85,Santa Luzia,2513406
-36.85,-6.85,São José do Sabugi,2514701
-36.8,-6.85,São José do Sabugi,2514701
-36.75,-6.85,São José do Sabugi,2514701
-36.55,-6.85,São Vicente do Seridó,2515401
-36.5,-6.85,São Vicente do Seridó,2515401
-36.45,-6.85,São Vicente do Seridó,2515401
-36.4,-6.85,Pedra Lavrada,2511103
-36.35,-6.85,Cubati,2505006
-36.3,-6.85,Cubati,2505006
-36.25,-6.85,Barra de Santa Rosa,2501609
-36.2,-6.85,Barra de Santa Rosa,2501609
-36.15,-6.85,Barra de Santa Rosa,2501609
-36.1,-6.85,Barra de Santa Rosa,2501609
-36.05,-6.85,Barra de Santa Rosa,2501609
-36.0,-6.85,Barra de Santa Rosa,2501609
-35.95,-6.85,Algodão de Jandaíra,2500577
-35.9,-6.85,Algodão de Jandaíra,2500577
-35.85,-6.85,Algodão de Jandaíra,2500577
-35.8,-6.85,Arara,2500908
-35.75,-6.85,Arara,2500908
-35.7,-6.85,Arara,2500908
-35.65,-6.85,Serraria,2515906
-35.6,-6.85,Pilões,2511608
-35.55,-6.85,Pilõezinhos,2511707
-35.5,-6.85,Guarabira,2506301
-35.45,-6.85,Guarabira,2506301
-35.4,-6.85,Guarabira,2506301
-35.35,-6.85,Araçagi,2500809
-35.3,-6.85,Itapororoca,2507101
-35.25,-6.85,Itapororoca,2507101
-35.2,-6.85,Itapororoca,2507101
-35.15,-6.85,Mamanguape,2508901
-35.1,-6.85,Mamanguape,2508901
-35.05,-6.85,Rio Tinto,2512903
-35.0,-6.85,Rio Tinto,2512903
-34.95,-6.85,Rio Tinto,2512903
-34.9,-6.85,Rio Tinto,2512903
-38.65,-6.8,Bom Jesus,2502201
-38.6,-6.8,Bom Jesus,2502201
-38.55,-6.8,São João do Rio do Peixe,2500700
-38.5,-6.8,São João do Rio do Peixe,2500700
-38.45,-6.8,São João do Rio do Peixe,2500700
-38.4,-6.8,São João do Rio do Peixe,2500700
-38.35,-6.8,Marizópolis,2509156
-38.3,-6.8,Sousa,2516201
-38.25,-6.8,Sousa,2516201
-38.2,-6.8,Sousa,2516201
-38.15,-6.8,Sousa,2516201
-38.1,-6.8,Aparecida,2500775
-38.05,-6.8,Aparecida,2500775
-38.0,-6.8,São Domingos,2513968
-37.95,-6.8,São Domingos,2513968
-37.9,-6.8,São Domingos,2513968
-37.85,-6.8,Pombal,2512101
-37.8,-6.8,Pombal,2512101
-37.75,-6.8,Pombal,2512101
-37.7,-6.8,Pombal,2512101
-37.65,-6.8,Pombal,2512101
-37.6,-6.8,Condado,2504504
-37.55,-6.8,Malta,2508802
-37.5,-6.8,São José de Espinharas,2514404
-37.45,-6.8,São José de Espinharas,2514404
-37.4,-6.8,São José de Espinharas,2514404
-37.35,-6.8,São José de Espinharas,2514404
-37.3,-6.8,São José de Espinharas,2514404
-37.25,-6.8,São José de Espinharas,2514404
-37.2,-6.8,São Mamede,2514909
-37.15,-6.8,São Mamede,2514909
-37.1,-6.8,Várzea,2517100
-37.05,-6.8,Várzea,2517100
-37.0,-6.8,Várzea,2517100
-36.95,-6.8,Santa Luzia,2513406
-36.9,-6.8,São José do Sabugi,2514701
-36.85,-6.8,São José do Sabugi,2514701
-36.8,-6.8,São José do Sabugi,2514701
-36.75,-6.8,São José do Sabugi,2514701
-36.5,-6.8,Pedra Lavrada,2511103
-36.45,-6.8,Pedra Lavrada,2511103
-36.4,-6.8,Pedra Lavrada,2511103
-36.35,-6.8,Pedra Lavrada,2511103
-36.3,-6.8,Cubati,2505006
-36.25,-6.8,Sossêgo,2516151
-36.2,-6.8,Barra de Santa Rosa,2501609
-36.15,-6.8,Barra de Santa Rosa,2501609
-36.1,-6.8,Barra de Santa Rosa,2501609
-36.05,-6.8,Barra de Santa Rosa,2501609
-36.0,-6.8,Barra de Santa Rosa,2501609
-35.95,-6.8,Barra de Santa Rosa,2501609
-35.9,-6.8,Algodão de Jandaíra,2500577
-35.85,-6.8,Casserengue,2504157
-35.8,-6.8,Casserengue,2504157
-35.75,-6.8,Solânea,2516003
-35.7,-6.8,Solânea,2516003
-35.65,-6.8,Solânea,2516003
-35.6,-6.8,Borborema,2502706
-35.55,-6.8,Pirpirituba,2511806
-35.5,-6.8,Pirpirituba,2511806
-35.45,-6.8,Araçagi,2500809
-35.4,-6.8,Araçagi,2500809
-35.35,-6.8,Araçagi,2500809
-35.3,-6.8,Itapororoca,2507101
-35.25,-6.8,Itapororoca,2507101
-35.2,-6.8,Mamanguape,2508901
-35.15,-6.8,Mamanguape,2508901
-35.1,-6.8,Rio Tinto,2512903
-35.05,-6.8,Rio Tinto,2512903
-35.0,-6.8,Rio Tinto,2512903
-34.95,-6.8,Rio Tinto,2512903
-34.9,-6.8,Rio Tinto,2512903
-38.65,-6.75,Santa Helena,2513307
-38.6,-6.75,Santa Helena,2513307
-38.55,-6.75,Santa Helena,2513307
-38.5,-6.75,Santa Helena,2513307
-38.45,-6.75,São João do Rio do Peixe,2500700
-38.4,-6.75,São João do Rio do Peixe,2500700
-38.35,-6.75,Sousa,2516201
-38.3,-6.75,Sousa,2516201
-38.25,-6.75,Sousa,2516201
-38.2,-6.75,Sousa,2516201
-38.15,-6.75,Sousa,2516201
-38.1,-6.75,Aparecida,2500775
-38.05,-6.75,Aparecida,2500775
-38.0,-6.75,Pombal,2512101
-37.95,-6.75,São Domingos,2513968
-37.9,-6.75,Pombal,2512101
-37.85,-6.75,Pombal,2512101
-37.8,-6.75,Pombal,2512101
-37.75,-6.75,Pombal,2512101
-37.7,-6.75,Pombal,2512101
-37.65,-6.75,Pombal,2512101
-37.6,-6.75,Vista Serrana,2505501
-37.55,-6.75,Vista Serrana,2505501
-37.5,-6.75,São José de Espinharas,2514404
-37.45,-6.75,São José de Espinharas,2514404
-37.4,-6.75,São José de Espinharas,2514404
-37.35,-6.75,São José de Espinharas,2514404
-37.3,-6.75,São José de Espinharas,2514404
-37.25,-6.75,São José de Espinharas,2514404
-37.1,-6.75,Várzea,2517100
-37.05,-6.75,Várzea,2517100
-37.0,-6.75,Várzea,2517100
-36.95,-6.75,Várzea,2517100
-36.9,-6.75,São José do Sabugi,2514701
-36.85,-6.75,São José do Sabugi,2514701
-36.8,-6.75,São José do Sabugi,2514701
-36.55,-6.75,Nova Palmeira,2510303
-36.5,-6.75,Pedra Lavrada,2511103
-36.45,-6.75,Pedra Lavrada,2511103
-36.4,-6.75,Nova Palmeira,2510303
-36.35,-6.75,Pedra Lavrada,2511103
-36.3,-6.75,Pedra Lavrada,2511103
-36.25,-6.75,Sossêgo,2516151
-36.2,-6.75,Sossêgo,2516151
-36.15,-6.75,Barra de Santa Rosa,2501609
-36.1,-6.75,Barra de Santa Rosa,2501609
-36.05,-6.75,Barra de Santa Rosa,2501609
-36.0,-6.75,Barra de Santa Rosa,2501609
-35.95,-6.75,Barra de Santa Rosa,2501609
-35.9,-6.75,Barra de Santa Rosa,2501609
-35.85,-6.75,Casserengue,2504157
-35.8,-6.75,Casserengue,2504157
-35.75,-6.75,Solânea,2516003
-35.7,-6.75,Solânea,2516003
-35.65,-6.75,Bananeiras,2501500
-35.6,-6.75,Bananeiras,2501500
-35.55,-6.75,Bananeiras,2501500
-35.5,-6.75,Belém,2501906
-35.45,-6.75,Sertãozinho,2515930
-35.4,-6.75,Sertãozinho,2515930
-35.35,-6.75,Duas Estradas,2505808
-35.3,-6.75,Curral de Cima,2505279
-35.25,-6.75,Curral de Cima,2505279
-35.2,-6.75,Mamanguape,2508901
-35.15,-6.75,Mamanguape,2508901
-35.1,-6.75,Rio Tinto,2512903
-35.05,-6.75,Marcação,2509057
-35.0,-6.75,Marcação,2509057
-34.95,-6.75,Marcação,2509057
-38.65,-6.7,Santa Helena,2513307
-38.6,-6.7,Santa Helena,2513307
-38.55,-6.7,Triunfo,2516805
-38.5,-6.7,São João do Rio do Peixe,2500700
-38.45,-6.7,São João do Rio do Peixe,2500700
-38.4,-6.7,São João do Rio do Peixe,2500700
-38.35,-6.7,Sousa,2516201
-38.3,-6.7,Sousa,2516201
-38.25,-6.7,Sousa,2516201
-38.2,-6.7,Sousa,2516201
-38.15,-6.7,Sousa,2516201
-38.1,-6.7,Sousa,2516201
-38.05,-6.7,Aparecida,2500775
-38.0,-6.7,Aparecida,2500775
-37.95,-6.7,Pombal,2512101
-37.9,-6.7,Pombal,2512101
-37.85,-6.7,Pombal,2512101
-37.8,-6.7,Pombal,2512101
-37.75,-6.7,Pombal,2512101
-37.7,-6.7,Pombal,2512101
-37.65,-6.7,Paulista,2510907
-37.6,-6.7,Paulista,2510907
-37.55,-6.7,Paulista,2510907
-37.5,-6.7,Paulista,2510907
-37.45,-6.7,São José de Espinharas,2514404
-37.4,-6.7,São José de Espinharas,2514404
-37.35,-6.7,São José de Espinharas,2514404
-37.3,-6.7,São José de Espinharas,2514404
-37.0,-6.7,Várzea,2517100
-36.55,-6.7,Nova Palmeira,2510303
-36.5,-6.7,Nova Palmeira,2510303
-36.45,-6.7,Nova Palmeira,2510303
-36.4,-6.7,Nova Palmeira,2510303
-36.35,-6.7,Nova Palmeira,2510303
-36.3,-6.7,Pedra Lavrada,2511103
-36.25,-6.7,Sossêgo,2516151
-36.2,-6.7,Sossêgo,2516151
-36.15,-6.7,Sossêgo,2516151
-36.1,-6.7,Barra de Santa Rosa,2501609
-36.05,-6.7,Barra de Santa Rosa,2501609
-36.0,-6.7,Barra de Santa Rosa,2501609
-35.95,-6.7,Barra de Santa Rosa,2501609
-35.9,-6.7,Casserengue,2504157
-35.85,-6.7,Casserengue,2504157
-35.8,-6.7,Casserengue,2504157
-35.75,-6.7,Solânea,2516003
-35.7,-6.7,Solânea,2516003
-35.65,-6.7,Bananeiras,2501500
-35.6,-6.7,Bananeiras,2501500
-35.55,-6.7,Bananeiras,2501500
-35.5,-6.7,Belém,2501906
-35.45,-6.7,Serra da Raiz,2515609
-35.4,-6.7,Lagoa de Dentro,2508208
-35.35,-6.7,Lagoa de Dentro,2508208
-35.3,-6.7,Pedro Régis,2512721
-35.25,-6.7,Pedro Régis,2512721
-35.2,-6.7,Mamanguape,2508901
-35.15,-6.7,Mamanguape,2508901
-35.1,-6.7,Rio Tinto,2512903
-35.05,-6.7,Rio Tinto,2512903
-35.0,-6.7,Baía da Traição,2501401
-34.95,-6.7,Baía da Traição,2501401
-38.65,-6.65,Santa Helena,2513307
-38.6,-6.65,Triunfo,2516805
-38.55,-6.65,Triunfo,2516805
-38.5,-6.65,Poço de José de Moura,2512077
-38.45,-6.65,São João do Rio do Peixe,2500700
-38.4,-6.65,São João do Rio do Peixe,2500700
-38.35,-6.65,São João do Rio do Peixe,2500700
-38.3,-6.65,Sousa,2516201
-38.25,-6.65,Sousa,2516201
-38.2,-6.65,Sousa,2516201
-38.15,-6.65,Sousa,2516201
-38.1,-6.65,São Francisco,2513984
-38.05,-6.65,São Francisco,2513984
-38.0,-6.65,Pombal,2512101
-37.95,-6.65,Pombal,2512101
-37.9,-6.65,Pombal,2512101
-37.85,-6.65,Pombal,2512101
-37.8,-6.65,Pombal,2512101
-37.75,-6.65,Paulista,2510907
-37.7,-6.65,Paulista,2510907
-37.65,-6.65,Paulista,2510907
-37.6,-6.65,Paulista,2510907
-37.55,-6.65,Paulista,2510907
-37.5,-6.65,Paulista,2510907
-37.45,-6.65,Paulista,2510907
-36.55,-6.65,Nova Palmeira,2510303
-36.5,-6.65,Nova Palmeira,2510303
-36.45,-6.65,Nova Palmeira,2510303
-36.4,-6.65,Nova Palmeira,2510303
-36.35,-6.65,Nova Palmeira,2510303
-36.3,-6.65,Picuí,2511400
-36.25,-6.65,Baraúna,2501534
-36.2,-6.65,Cuité,2505105
-36.15,-6.65,Cuité,2505105
-36.1,-6.65,Cuité,2505105
-36.05,-6.65,Barra de Santa Rosa,2501609
-36.0,-6.65,Damião,2505352
-35.95,-6.65,Damião,2505352
-35.9,-6.65,Damião,2505352
-35.85,-6.65,Cacimba de Dentro,2503506
-35.8,-6.65,Cacimba de Dentro,2503506
-35.75,-6.65,Dona Inês,2505709
-35.7,-6.65,Dona Inês,2505709
-35.65,-6.65,Bananeiras,2501500
-35.6,-6.65,Bananeiras,2501500
-35.55,-6.65,Bananeiras,2501500
-35.5,-6.65,Caiçara,2503605
-35.45,-6.65,Caiçara,2503605
-35.4,-6.65,Caiçara,2503605
-35.35,-6.65,Lagoa de Dentro,2508208
-35.3,-6.65,Pedro Régis,2512721
-35.25,-6.65,Jacaraú,2507309
-35.2,-6.65,Jacaraú,2507309
-35.15,-6.65,Jacaraú,2507309
-35.1,-6.65,Rio Tinto,2512903
-35.05,-6.65,Rio Tinto,2512903
-35.0,-6.65,Baía da Traição,2501401
-34.95,-6.65,Baía da Traição,2501401
-38.65,-6.6,Triunfo,2516805
-38.6,-6.6,Triunfo,2516805
-38.55,-6.6,Triunfo,2516805
-38.5,-6.6,Poço de José de Moura,2512077
-38.45,-6.6,São João do Rio do Peixe,2500700
-38.4,-6.6,São João do Rio do Peixe,2500700
-38.35,-6.6,São João do Rio do Peixe,2500700
-38.3,-6.6,Vieirópolis,2517209
-38.25,-6.6,Vieirópolis,2517209
-38.2,-6.6,Lastro,2508406
-38.15,-6.6,Lastro,2508406
-38.1,-6.6,Santa Cruz,2513208
-38.05,-6.6,São Francisco,2513984
-38.0,-6.6,Santa Cruz,2513208
-37.95,-6.6,Lagoa,2508109
-37.9,-6.6,Lagoa,2508109
-37.85,-6.6,Lagoa,2508109
-37.8,-6.6,Lagoa,2508109
-37.75,-6.6,Paulista,2510907
-37.7,-6.6,Paulista,2510907
-37.65,-6.6,Paulista,2510907
-37.6,-6.6,Paulista,2510907
-37.55,-6.6,Paulista,2510907
-37.5,-6.6,Paulista,2510907
-36.5,-6.6,Nova Palmeira,2510303
-36.45,-6.6,Picuí,2511400
-36.4,-6.6,Picuí,2511400
-36.35,-6.6,Picuí,2511400
-36.3,-6.6,Picuí,2511400
-36.25,-6.6,Baraúna,2501534
-36.2,-6.6,Cuité,2505105
-36.15,-6.6,Cuité,2505105
-36.1,-6.6,Cuité,2505105
-36.05,-6.6,Cuité,2505105
-36.0,-6.6,Cuité,2505105
-35.95,-6.6,Damião,2505352
-35.9,-6.6,Damião,2505352
-35.85,-6.6,Cacimba de Dentro,2503506
-35.8,-6.6,Cacimba de Dentro,2503506
-35.75,-6.6,Cacimba de Dentro,2503506
-35.7,-6.6,Dona Inês,2505709
-35.65,-6.6,Dona Inês,2505709
-35.6,-6.6,Dona Inês,2505709
-35.55,-6.6,Dona Inês,2505709
-35.5,-6.6,Tacima,2516409
-35.45,-6.6,Tacima,2516409
-35.4,-6.6,Caiçara,2503605
-35.35,-6.6,Caiçara,2503605
-35.3,-6.6,Jacaraú,2507309
-35.25,-6.6,Jacaraú,2507309
-35.2,-6.6,Jacaraú,2507309
-35.15,-6.6,Mamanguape,2508901
-35.1,-6.6,Mataraca,2509305
-35.05,-6.6,Mataraca,2509305
-35.0,-6.6,Baía da Traição,2501401
-34.95,-6.6,Mataraca,2509305
-38.65,-6.55,Triunfo,2516805
-38.6,-6.55,Triunfo,2516805
-38.55,-6.55,Triunfo,2516805
-38.5,-6.55,Poço de José de Moura,2512077
-38.45,-6.55,Uiraúna,2516904
-38.4,-6.55,Uiraúna,2516904
-38.35,-6.55,Uiraúna,2516904
-38.3,-6.55,Uiraúna,2516904
-38.25,-6.55,Vieirópolis,2517209
-38.2,-6.55,Vieirópolis,2517209
-38.15,-6.55,Lastro,2508406
-38.1,-6.55,Santa Cruz,2513208
-38.05,-6.55,Santa Cruz,2513208
-38.0,-6.55,Santa Cruz,2513208
-37.95,-6.55,Lagoa,2508109
-37.9,-6.55,Lagoa,2508109
-37.85,-6.55,Jericó,2507408
-37.8,-6.55,Jericó,2507408
-37.75,-6.55,Mato Grosso,2509370
-37.7,-6.55,Mato Grosso,2509370
-37.65,-6.55,Paulista,2510907
-37.6,-6.55,Paulista,2510907
-37.55,-6.55,Paulista,2510907
-37.5,-6.55,Paulista,2510907
-37.45,-6.55,São Bento,2513901
-37.4,-6.55,São Bento,2513901
-36.5,-6.55,Picuí,2511400
-36.45,-6.55,Picuí,2511400
-36.4,-6.55,Picuí,2511400
-36.35,-6.55,Picuí,2511400
-36.3,-6.55,Picuí,2511400
-36.25,-6.55,Picuí,2511400
-36.2,-6.55,Cuité,2505105
-36.15,-6.55,Cuité,2505105
-36.1,-6.55,Cuité,2505105
-36.05,-6.55,Cuité,2505105
-36.0,-6.55,Cuité,2505105
-35.95,-6.55,Cuité,2505105
-35.9,-6.55,Cuité,2505105
-35.85,-6.55,Araruna,2501005
-35.8,-6.55,Araruna,2501005
-35.75,-6.55,Araruna,2501005
-35.7,-6.55,Araruna,2501005
-35.65,-6.55,Riachão,2512747
-35.6,-6.55,Dona Inês,2505709
-35.55,-6.55,Tacima,2516409
-35.5,-6.55,Tacima,2516409
-35.45,-6.55,Tacima,2516409
-35.4,-6.55,Caiçara,2503605
-35.35,-6.55,Jacaraú,2507309
-35.3,-6.55,Jacaraú,2507309
-35.25,-6.55,Jacaraú,2507309
-35.2,-6.55,Jacaraú,2507309
-35.15,-6.55,Mamanguape,2508901
-35.1,-6.55,Mataraca,2509305
-35.05,-6.55,Mataraca,2509305
-35.0,-6.55,Mataraca,2509305
-34.95,-6.55,Mataraca,2509305
-38.6,-6.5,Bernardino Batista,2502052
-38.55,-6.5,Bernardino Batista,2502052
-38.5,-6.5,Joca Claudino,2513653
-38.45,-6.5,Uiraúna,2516904
-38.4,-6.5,Uiraúna,2516904
-38.35,-6.5,Uiraúna,2516904
-38.3,-6.5,Uiraúna,2516904
-38.25,-6.5,Vieirópolis,2517209
-38.2,-6.5,Lastro,2508406
-38.15,-6.5,Lastro,2508406
-38.1,-6.5,Santa Cruz,2513208
-38.05,-6.5,Santa Cruz,2513208
-38.0,-6.5,Bom Sucesso,2502300
-37.95,-6.5,Bom Sucesso,2502300
-37.9,-6.5,Bom Sucesso,2502300
-37.85,-6.5,Jericó,2507408
-37.8,-6.5,Jericó,2507408
-37.75,-6.5,Jericó,2507408
-37.7,-6.5,Riacho dos Cavalos,2512804
-37.65,-6.5,Riacho dos Cavalos,2512804
-37.6,-6.5,Riacho dos Cavalos,2512804
-37.55,-6.5,Riacho dos Cavalos,2512804
-37.5,-6.5,São Bento,2513901
-37.45,-6.5,São Bento,2513901
-37.4,-6.5,São Bento,2513901
-36.55,-6.5,Frei Martinho,2506202
-36.5,-6.5,Frei Martinho,2506202
-36.45,-6.5,Frei Martinho,2506202
-36.4,-6.5,Picuí,2511400
-36.35,-6.5,Picuí,2511400
-36.3,-6.5,Picuí,2511400
-36.25,-6.5,Picuí,2511400
-36.2,-6.5,Nova Floresta,2510105
-36.15,-6.5,Cuité,2505105
-36.1,-6.5,Cuité,2505105
-36.05,-6.5,Cuité,2505105
-36.0,-6.5,Cuité,2505105
-35.95,-6.5,Cuité,2505105
-35.9,-6.5,Cuité,2505105
-35.85,-6.5,Araruna,2501005
-35.8,-6.5,Araruna,2501005
-35.75,-6.5,Araruna,2501005
-35.7,-6.5,Araruna,2501005
-35.65,-6.5,Riachão,2512747
-35.6,-6.5,Tacima,2516409
-35.55,-6.5,Tacima,2516409
-35.5,-6.5,Tacima,2516409
-35.45,-6.5,Tacima,2516409
-35.4,-6.5,Caiçara,2503605
-35.35,-6.5,Jacaraú,2507309
-35.1,-6.5,Mataraca,2509305
-35.05,-6.5,Mataraca,2509305
-35.0,-6.5,Mataraca,2509305
-34.95,-6.5,Mataraca,2509305
-38.55,-6.45,Bernardino Batista,2502052
-38.5,-6.45,Joca Claudino,2513653
-38.45,-6.45,Joca Claudino,2513653
-38.4,-6.45,Uiraúna,2516904
-38.35,-6.45,Uiraúna,2516904
-38.05,-6.45,Santa Cruz,2513208
-38.0,-6.45,Bom Sucesso,2502300
-37.95,-6.45,Bom Sucesso,2502300
-37.9,-6.45,Bom Sucesso,2502300
-37.85,-6.45,Jericó,2507408
-37.8,-6.45,Catolé do Rocha,2504306
-37.75,-6.45,Catolé do Rocha,2504306
-37.7,-6.45,Riacho dos Cavalos,2512804
-37.65,-6.45,Riacho dos Cavalos,2512804
-37.6,-6.45,Riacho dos Cavalos,2512804
-37.55,-6.45,São Bento,2513901
-37.5,-6.45,São Bento,2513901
-37.45,-6.45,São Bento,2513901
-37.4,-6.45,São Bento,2513901
-36.55,-6.45,Frei Martinho,2506202
-36.5,-6.45,Frei Martinho,2506202
-36.45,-6.45,Frei Martinho,2506202
-36.4,-6.45,Picuí,2511400
-36.35,-6.45,Picuí,2511400
-36.3,-6.45,Picuí,2511400
-36.25,-6.45,Picuí,2511400
-36.2,-6.45,Nova Floresta,2510105
-36.15,-6.45,Cuité,2505105
-36.1,-6.45,Cuité,2505105
-36.05,-6.45,Cuité,2505105
-36.0,-6.45,Cuité,2505105
-35.7,-6.45,Araruna,2501005
-35.65,-6.45,Araruna,2501005
-35.6,-6.45,Tacima,2516409
-38.6,-6.4,Poço Dantas,2512036
-38.55,-6.4,Poço Dantas,2512036
-38.5,-6.4,Poço Dantas,2512036
-38.45,-6.4,Poço Dantas,2512036
-38.4,-6.4,Uiraúna,2516904
-37.95,-6.4,Bom Sucesso,2502300
-37.9,-6.4,Brejo dos Santos,2502904
-37.85,-6.4,Brejo dos Santos,2502904
-37.8,-6.4,Catolé do Rocha,2504306
-37.75,-6.4,Catolé do Rocha,2504306
-37.7,-6.4,Catolé do Rocha,2504306
-37.65,-6.4,Catolé do Rocha,2504306
-37.6,-6.4,Catolé do Rocha,2504306
-37.55,-6.4,Brejo do Cruz,2502805
-37.5,-6.4,Brejo do Cruz,2502805
-37.45,-6.4,São Bento,2513901
-37.4,-6.4,São Bento,2513901
-36.5,-6.4,Frei Martinho,2506202
-36.45,-6.4,Frei Martinho,2506202
-36.4,-6.4,Frei Martinho,2506202
-36.35,-6.4,Picuí,2511400
-36.3,-6.4,Picuí,2511400
-36.25,-6.4,Picuí,2511400
-36.1,-6.4,Cuité,2505105
-36.05,-6.4,Cuité,2505105
-38.55,-6.35,Poço Dantas,2512036
-38.5,-6.35,Poço Dantas,2512036
-38.45,-6.35,Poço Dantas,2512036
-37.9,-6.35,Brejo dos Santos,2502904
-37.85,-6.35,Brejo dos Santos,2502904
-37.8,-6.35,Catolé do Rocha,2504306
-37.75,-6.35,Catolé do Rocha,2504306
-37.7,-6.35,Catolé do Rocha,2504306
-37.65,-6.35,Catolé do Rocha,2504306
-37.6,-6.35,Brejo do Cruz,2502805
-37.55,-6.35,Brejo do Cruz,2502805
-37.5,-6.35,Brejo do Cruz,2502805
-37.45,-6.35,Brejo do Cruz,2502805
-37.4,-6.35,Brejo do Cruz,2502805
-36.5,-6.35,Frei Martinho,2506202
-36.45,-6.35,Frei Martinho,2506202
-36.4,-6.35,Frei Martinho,2506202
-36.35,-6.35,Picuí,2511400
-36.3,-6.35,Picuí,2511400
-37.8,-6.3,Catolé do Rocha,2504306
-37.75,-6.3,Catolé do Rocha,2504306
-37.7,-6.3,Catolé do Rocha,2504306
-37.65,-6.3,Catolé do Rocha,2504306
-37.6,-6.3,Brejo do Cruz,2502805
-37.55,-6.3,Brejo do Cruz,2502805
-37.5,-6.3,Brejo do Cruz,2502805
-37.45,-6.3,Brejo do Cruz,2502805
-37.4,-6.3,Brejo do Cruz,2502805
-37.35,-6.3,Brejo do Cruz,2502805
-37.3,-6.3,São José do Brejo do Cruz,2514651
-36.4,-6.3,Frei Martinho,2506202
-36.35,-6.3,Frei Martinho,2506202
-36.3,-6.3,Picuí,2511400
-37.8,-6.25,Catolé do Rocha,2504306
-37.75,-6.25,Catolé do Rocha,2504306
-37.7,-6.25,Catolé do Rocha,2504306
-37.65,-6.25,Catolé do Rocha,2504306
-37.6,-6.25,Belém do Brejo do Cruz,2502003
-37.55,-6.25,Brejo do Cruz,2502805
-37.5,-6.25,Brejo do Cruz,2502805
-37.45,-6.25,São José do Brejo do Cruz,2514651
-37.4,-6.25,São José do Brejo do Cruz,2514651
-37.35,-6.25,São José do Brejo do Cruz,2514651
-37.3,-6.25,São José do Brejo do Cruz,2514651
-37.25,-6.25,São José do Brejo do Cruz,2514651
-37.75,-6.2,Catolé do Rocha,2504306
-37.7,-6.2,Catolé do Rocha,2504306
-37.65,-6.2,Catolé do Rocha,2504306
-37.6,-6.2,Belém do Brejo do Cruz,2502003
-37.55,-6.2,Belém do Brejo do Cruz,2502003
-37.5,-6.2,Belém do Brejo do Cruz,2502003
-37.45,-6.2,Belém do Brejo do Cruz,2502003
-37.4,-6.2,São José do Brejo do Cruz,2514651
-37.35,-6.2,São José do Brejo do Cruz,2514651
-37.3,-6.2,São José do Brejo do Cruz,2514651
-37.25,-6.2,São José do Brejo do Cruz,2514651
-37.2,-6.2,Belém do Brejo do Cruz,2502003
-37.6,-6.15,Belém do Brejo do Cruz,2502003
-37.55,-6.15,Belém do Brejo do Cruz,2502003
-37.5,-6.15,Belém do Brejo do Cruz,2502003
-37.45,-6.15,Belém do Brejo do Cruz,2502003
-37.4,-6.15,Belém do Brejo do Cruz,2502003
-37.35,-6.15,Belém do Brejo do Cruz,2502003
-37.3,-6.15,Belém do Brejo do Cruz,2502003
-37.25,-6.15,Belém do Brejo do Cruz,2502003
-37.2,-6.15,Belém do Brejo do Cruz,2502003
-37.15,-6.15,Belém do Brejo do Cruz,2502003
-37.45,-6.1,Belém do Brejo do Cruz,2502003
-37.4,-6.1,Belém do Brejo do Cruz,2502003
-37.35,-6.1,Belém do Brejo do Cruz,2502003
-37.3,-6.1,Belém do Brejo do Cruz,2502003
-37.25,-6.1,Belém do Brejo do Cruz,2502003
-37.2,-6.1,Belém do Brejo do Cruz,2502003
-37.15,-6.1,Belém do Brejo do Cruz,2502003
-37.35,-6.05,Belém do Brejo do Cruz,2502003
-37.3,-6.05,Belém do Brejo do Cruz,2502003
-37.25,-6.05,Belém do Brejo do Cruz,2502003
-37.2,-6.05,Belém do Brejo do Cruz,2502003
-37.15,-6.05,Belém do Brejo do Cruz,2502003
